/*
 Navicat Premium Data Transfer

 Source Server         : localhost
 Source Server Type    : MySQL
 Source Server Version : 80036
 Source Host           : localhost:3306
 Source Schema         : febooks

 Target Server Type    : MySQL
 Target Server Version : 80036
 File Encoding         : 65001

 Date: 19/06/2024 08:48:30
*/

SET NAMES utf8mb4;
SET FOREIGN_KEY_CHECKS = 0;

-- ----------------------------
-- Table structure for Authors
-- ----------------------------
DROP TABLE IF EXISTS `Authors`;
CREATE TABLE `Authors`  (
  `id` int NOT NULL AUTO_INCREMENT,
  `nameAuthor` varchar(255) CHARACTER SET utf8mb4 COLLATE utf8mb4_0900_ai_ci NULL DEFAULT NULL,
  `biography` varchar(255) CHARACTER SET utf8mb4 COLLATE utf8mb4_0900_ai_ci NULL DEFAULT NULL,
  `createdAt` datetime NOT NULL,
  `updatedAt` datetime NOT NULL,
  PRIMARY KEY (`id`) USING BTREE
) ENGINE = InnoDB AUTO_INCREMENT = 13 CHARACTER SET = utf8mb4 COLLATE = utf8mb4_0900_ai_ci ROW_FORMAT = Dynamic;

-- ----------------------------
-- Records of Authors
-- ----------------------------
INSERT INTO `Authors` VALUES (5, 'Xuân Diệu', 'Thời xưa', '2024-05-29 11:43:53', '2024-06-13 21:36:51');
INSERT INTO `Authors` VALUES (7, 'James Clear', 'Tiểu sử của tác giả', '2024-05-29 12:03:30', '2024-06-13 21:37:15');
INSERT INTO `Authors` VALUES (9, 'Charles Duhigg', 'Hay đi chơi lúc trời mưa', '2024-05-29 13:01:21', '2024-06-13 21:37:10');
INSERT INTO `Authors` VALUES (10, 'Daniel Coyle', 'Tiểu sử của tác giả', '2024-06-09 07:41:03', '2024-06-13 21:36:45');
INSERT INTO `Authors` VALUES (11, 'Daniel H. Pink', 'Tiểu sử của tác giả', '2024-06-13 21:37:37', '2024-06-13 21:37:41');
INSERT INTO `Authors` VALUES (12, 'Thomas Erikson', 'Tiểu sử của tác giả', '2024-06-13 21:37:51', '2024-06-13 21:37:54');
INSERT INTO `Authors` VALUES (13, 'Chade Meng Tan, Daniel Goleman, Jon Kabat Zinn', 'Tiểu sử của tác giả', '2024-06-13 21:38:47', '2024-06-13 21:38:50');

-- ----------------------------
-- Table structure for Books
-- ----------------------------
DROP TABLE IF EXISTS `Books`;
CREATE TABLE `Books`  (
  `id` int NOT NULL AUTO_INCREMENT,
  `title` varchar(255) CHARACTER SET utf8mb4 COLLATE utf8mb4_0900_ai_ci NULL DEFAULT NULL,
  `authorID` int NULL DEFAULT NULL,
  `genreID` int NULL DEFAULT NULL,
  `publisherID` int NULL DEFAULT NULL,
  `supplierID` int NULL DEFAULT NULL,
  `languageID` int NULL DEFAULT NULL,
  `publicationYear` int NULL DEFAULT NULL,
  `ISBN` varchar(255) CHARACTER SET utf8mb4 COLLATE utf8mb4_0900_ai_ci NULL DEFAULT NULL,
  `price` int NULL DEFAULT NULL,
  `quantityAvailable` int NULL DEFAULT NULL,
  `quantitySold` int NULL DEFAULT NULL,
  `numOfPage` int NULL DEFAULT NULL,
  `formality` varchar(255) CHARACTER SET utf8mb4 COLLATE utf8mb4_0900_ai_ci NULL DEFAULT NULL,
  `packagingSize` varchar(255) CHARACTER SET utf8mb4 COLLATE utf8mb4_0900_ai_ci NULL DEFAULT NULL,
  `thumbnail` varchar(255) CHARACTER SET utf8mb4 COLLATE utf8mb4_0900_ai_ci NULL DEFAULT NULL,
  `description` text CHARACTER SET utf8mb4 COLLATE utf8mb4_0900_ai_ci NULL,
  `createdAt` datetime NOT NULL,
  `updatedAt` datetime NOT NULL,
  PRIMARY KEY (`id`) USING BTREE,
  INDEX `authorID`(`authorID` ASC) USING BTREE,
  INDEX `genreID`(`genreID` ASC) USING BTREE,
  INDEX `publisherID`(`publisherID` ASC) USING BTREE,
  INDEX `supplierID`(`supplierID` ASC) USING BTREE,
  INDEX `languageID`(`languageID` ASC) USING BTREE,
  CONSTRAINT `Books_ibfk_1` FOREIGN KEY (`authorID`) REFERENCES `Authors` (`id`) ON DELETE SET NULL ON UPDATE CASCADE,
  CONSTRAINT `Books_ibfk_2` FOREIGN KEY (`genreID`) REFERENCES `Genres` (`id`) ON DELETE SET NULL ON UPDATE CASCADE,
  CONSTRAINT `Books_ibfk_3` FOREIGN KEY (`publisherID`) REFERENCES `Publishers` (`id`) ON DELETE SET NULL ON UPDATE CASCADE,
  CONSTRAINT `Books_ibfk_4` FOREIGN KEY (`supplierID`) REFERENCES `Suppliers` (`id`) ON DELETE SET NULL ON UPDATE CASCADE,
  CONSTRAINT `Books_ibfk_5` FOREIGN KEY (`languageID`) REFERENCES `Languages` (`id`) ON DELETE SET NULL ON UPDATE CASCADE
) ENGINE = InnoDB AUTO_INCREMENT = 13 CHARACTER SET = utf8mb4 COLLATE = utf8mb4_0900_ai_ci ROW_FORMAT = Dynamic;

-- ----------------------------
-- Records of Books
-- ----------------------------
INSERT INTO `Books` VALUES (1, 'Lý Thuyết Trò Chơi', 5, 1, 1, 1, 1, 2020, NULL, 123321, 900, 16, 432, 'Bìa mềm', '14.5 x 20.5', '1716796786758-433257230.jpg', '<div style=\"box-sizing: border-box; margin: 0px; padding: 0px; overflow: hidden; max-height: 600px; color: rgb(51, 51, 51); font-family: nunito-sans, sans-serif, Helvetica, Arial; font-size: 13px; font-style: normal; font-variant-ligatures: normal; font-variant-caps: normal; font-weight: 400; letter-spacing: normal; orphans: 2; text-align: left; text-indent: 0px; text-transform: none; widows: 2; word-spacing: 0px; -webkit-text-stroke-width: 0px; white-space: normal; text-decoration-thickness: initial; text-decoration-style: initial; text-decoration-color: initial;\" id=\"isPasted\"><div style=\"box-sizing: border-box; margin: 0px; padding: 0px; border-bottom: 1px solid rgb(193, 193, 193);\"><table style=\"box-sizing: border-box; margin: 10px 0px; padding: 0px; border-spacing: 0px; border-collapse: collapse; max-width: 100%; background: transparent; border: none; empty-cells: show; font-size: 13px; width: 1200px; box-shadow: none;\"><tbody style=\"box-sizing: border-box; margin: 0px; padding: 0px;\"><tr style=\"box-sizing: border-box; margin: 0px; padding: 0px;\"><th style=\"box-sizing: border-box; margin: 0px; padding: 4px; text-align: left; vertical-align: baseline; font-weight: normal; border: none; display: table-cell; line-height: 1.6; white-space: nowrap; color: rgb(119, 119, 119); font-size: 1.1em;\">M&atilde; h&agrave;ng</th><td style=\"box-sizing: border-box; margin: 0px; padding: 4px; vertical-align: top; text-align: left; font-weight: normal; border: none; font-size: 1.1em;\">8935246937136</td></tr><tr style=\"box-sizing: border-box; margin: 0px; padding: 0px;\"><th style=\"box-sizing: border-box; margin: 0px; padding: 4px; text-align: left; vertical-align: baseline; font-weight: normal; border: none; display: table-cell; line-height: 1.6; white-space: nowrap; color: rgb(119, 119, 119); font-size: 1.1em;\">T&ecirc;n Nh&agrave; Cung Cấp</th><td style=\"box-sizing: border-box; margin: 0px; padding: 4px; vertical-align: top; text-align: left; font-weight: normal; border: none; font-size: 1.1em;\"><a href=\"https://www.fahasa.com/mc-books?fhs_campaign=ATTRIBUTE_PRODUCT\" style=\"box-sizing: border-box; margin: 0px; padding: 0px; background: transparent; color: rgb(36, 137, 244); text-decoration: none; transition: all 300ms ease-in 0s;\">MCBooks</a></td></tr><tr style=\"box-sizing: border-box; margin: 0px; padding: 0px;\"><th style=\"box-sizing: border-box; margin: 0px; padding: 4px; text-align: left; vertical-align: baseline; font-weight: normal; border: none; display: table-cell; line-height: 1.6; white-space: nowrap; color: rgb(119, 119, 119); font-size: 1.1em;\">T&aacute;c giả</th><td style=\"box-sizing: border-box; margin: 0px; padding: 4px; vertical-align: top; text-align: left; font-weight: normal; border: none; font-size: 1.1em;\">Malcome Mann, Steve Taylore-Knowles</td></tr><tr style=\"box-sizing: border-box; margin: 0px; padding: 0px;\"><th style=\"box-sizing: border-box; margin: 0px; padding: 4px; text-align: left; vertical-align: baseline; font-weight: normal; border: none; display: table-cell; line-height: 1.6; white-space: nowrap; color: rgb(119, 119, 119); font-size: 1.1em;\">Người Dịch</th><td style=\"box-sizing: border-box; margin: 0px; padding: 4px; vertical-align: top; text-align: left; font-weight: normal; border: none; font-size: 1.1em;\">Nguyễn Thanh V&acirc;n</td></tr><tr style=\"box-sizing: border-box; margin: 0px; padding: 0px;\"><th style=\"box-sizing: border-box; margin: 0px; padding: 4px; text-align: left; vertical-align: baseline; font-weight: normal; border: none; display: table-cell; line-height: 1.6; white-space: nowrap; color: rgb(119, 119, 119); font-size: 1.1em;\">NXB</th><td style=\"box-sizing: border-box; margin: 0px; padding: 4px; vertical-align: top; text-align: left; font-weight: normal; border: none; font-size: 1.1em;\">Hồng Đức</td></tr><tr style=\"box-sizing: border-box; margin: 0px; padding: 0px;\"><th style=\"box-sizing: border-box; margin: 0px; padding: 4px; text-align: left; vertical-align: baseline; font-weight: normal; border: none; display: table-cell; line-height: 1.6; white-space: nowrap; color: rgb(119, 119, 119); font-size: 1.1em;\">Năm XB</th><td style=\"box-sizing: border-box; margin: 0px; padding: 4px; vertical-align: top; text-align: left; font-weight: normal; border: none; font-size: 1.1em;\">2023</td></tr><tr style=\"box-sizing: border-box; margin: 0px; padding: 0px;\"><th style=\"box-sizing: border-box; margin: 0px; padding: 4px; text-align: left; vertical-align: baseline; font-weight: normal; border: none; display: table-cell; line-height: 1.6; white-space: nowrap; color: rgb(119, 119, 119); font-size: 1.1em;\">Trọng lượng (gr)</th><td style=\"box-sizing: border-box; margin: 0px; padding: 4px; vertical-align: top; text-align: left; font-weight: normal; border: none; font-size: 1.1em;\">560</td></tr><tr style=\"box-sizing: border-box; margin: 0px; padding: 0px;\"><th style=\"box-sizing: border-box; margin: 0px; padding: 4px; text-align: left; vertical-align: baseline; font-weight: normal; border: none; display: table-cell; line-height: 1.6; white-space: nowrap; color: rgb(119, 119, 119); font-size: 1.1em;\">K&iacute;ch Thước Bao B&igrave;</th><td style=\"box-sizing: border-box; margin: 0px; padding: 4px; vertical-align: top; text-align: left; font-weight: normal; border: none; font-size: 1.1em;\">29 x 21 x 1 cm</td></tr><tr style=\"box-sizing: border-box; margin: 0px; padding: 0px;\"><th style=\"box-sizing: border-box; margin: 0px; padding: 4px; text-align: left; vertical-align: baseline; font-weight: normal; border: none; display: table-cell; line-height: 1.6; white-space: nowrap; color: rgb(119, 119, 119); font-size: 1.1em;\">Số trang</th><td style=\"box-sizing: border-box; margin: 0px; padding: 4px; vertical-align: top; text-align: left; font-weight: normal; border: none; font-size: 1.1em;\">246</td></tr><tr style=\"box-sizing: border-box; margin: 0px; padding: 0px;\"><th style=\"box-sizing: border-box; margin: 0px; padding: 4px; text-align: left; vertical-align: baseline; font-weight: normal; border: none; display: table-cell; line-height: 1.6; white-space: nowrap; color: rgb(119, 119, 119); font-size: 1.1em;\">H&igrave;nh thức</th><td style=\"box-sizing: border-box; margin: 0px; padding: 4px; vertical-align: top; text-align: left; font-weight: normal; border: none; font-size: 1.1em;\">B&igrave;a Mềm</td></tr><tr style=\"box-sizing: border-box; margin: 0px; padding: 0px;\"><th style=\"box-sizing: border-box; margin: 0px; padding: 4px; text-align: left; vertical-align: baseline; font-weight: normal; border: none; display: table-cell; line-height: 1.6; white-space: nowrap; color: rgb(119, 119, 119); font-size: 1.1em;\">Sản phẩm b&aacute;n chạy nhất</th><td style=\"box-sizing: border-box; margin: 0px; padding: 4px; vertical-align: top; text-align: left; font-weight: normal; border: none; font-size: 1.1em;\"><a href=\"https://www.fahasa.com/sach-trong-nuoc/sach-hoc-ngoai-ngu/tieng-anh/luyen-thi-chung-chi-a-b-c.html?order=num_orders_month\" style=\"box-sizing: border-box; margin: 0px; padding: 0px; background: transparent; color: rgb(36, 137, 244); text-decoration: none; transition: all 300ms ease-in 0s; font-size: 14px;\">Top 100 sản phẩm Luyện Thi Chứng Chỉ A,B,C b&aacute;n chạy của th&aacute;ng</a></td></tr><tr style=\"box-sizing: border-box; margin: 0px; padding: 0px;\"><td colspan=\"2\" style=\"box-sizing: border-box; margin: 0px; padding: 0px; vertical-align: top; text-align: left; font-weight: normal; border: none; font-size: 1.1em;\"><div style=\"box-sizing: border-box; margin: 0px; padding: 0px;\">Gi&aacute; sản phẩm tr&ecirc;n Fahasa.com đ&atilde; bao gồm thuế theo luật hiện h&agrave;nh. B&ecirc;n cạnh đ&oacute;, tuỳ v&agrave;o loại sản phẩm, h&igrave;nh thức v&agrave; địa chỉ giao h&agrave;ng m&agrave; c&oacute; thể ph&aacute;t sinh th&ecirc;m chi ph&iacute; kh&aacute;c như Phụ ph&iacute; đ&oacute;ng g&oacute;i, ph&iacute; vận chuyển, phụ ph&iacute; h&agrave;ng cồng kềnh,...</div><div style=\"box-sizing: border-box; margin: 0px; padding: 0px; color: rgb(201, 33, 39);\">Ch&iacute;nh s&aacute;ch khuyến m&atilde;i tr&ecirc;n Fahasa.com kh&ocirc;ng &aacute;p dụng cho Hệ thống Nh&agrave; s&aacute;ch Fahasa tr&ecirc;n to&agrave;n quốc</div></td></tr></tbody></table></div><div style=\"box-sizing: border-box; margin: 20px 0px 0px; padding: 0px; display: block !important; line-height: 25px;\"><div style=\"box-sizing: border-box; margin: 0px; padding: 0px; font-size: 13px;\"><p style=\"box-sizing: border-box; margin: 0px 0px 10px; padding: 0px; font-size: 1em; text-align: justify;\"><strong style=\"box-sizing: border-box; margin: 0px; padding: 0px; font-weight: bold; font-family: Arial, Helvetica, sans-serif;\">Destination B2 - Grammar And Vocabulary with Answer Key</strong></p><p style=\"box-sizing: border-box; margin: 0px 0px 10px; padding: 0px; font-size: 1em; text-align: justify;\">Chứng chỉ tiếng Anh B1, B2, C1, C2 hiện nay l&agrave; những chứng chỉ nhất định phải c&oacute; đối với một số đơn vị, cơ quan, trường học. Ch&iacute;nh v&igrave; vậy, ng&agrave;y c&agrave;ng nhiều người quan t&acirc;m tới việc trau dồi tiếng Anh v&agrave; x&acirc;y dựng lộ tr&igrave;nh học để đạt được mục ti&ecirc;u tiếng Anh của m&igrave;nh.</p><p style=\"box-sizing: border-box; margin: 0px 0px 10px; padding: 0px; font-size: 1em; text-align: justify;\">To&agrave;n bộ kiến thức trong s&aacute;ch được viết bằng tiếng Anh bao gồm 28 Unit. Trong đ&oacute;, cứ một Unit học về ngữ ph&aacute;p th&igrave; c&oacute; một Unit học về từ vựng theo chủ đề.</p><p style=\"box-sizing: border-box; margin: 0px 0px 10px; padding: 0px; font-size: 1em; text-align: justify;\"><strong style=\"box-sizing: border-box; margin: 0px; padding: 0px; font-weight: bold; font-family: Arial, Helvetica, sans-serif;\">Nội dung cuốn s&aacute;ch Destination B2</strong></p><p style=\"box-sizing: border-box; margin: 0px 0px 10px; padding: 0px; font-size: 1em; text-align: justify;\">- Từ vựng, ngữ ph&aacute;p theo tr&igrave;nh độ B2.</p><p style=\"box-sizing: border-box; margin: 0px 0px 10px; padding: 0px; font-size: 1em; text-align: justify;\">- C&aacute;c b&agrave;i review v&agrave; b&agrave;i test theo lộ tr&igrave;nh.</p><p style=\"box-sizing: border-box; margin: 0px 0px 10px; padding: 0px; font-size: 1em; text-align: justify;\">- Hệ thống b&agrave;i tập đa dạng, luyện tập s&acirc;u.</p><p style=\"box-sizing: border-box; margin: 0px 0px 10px; padding: 0px; font-size: 1em; text-align: justify;\">- C&aacute;c b&agrave;i tự kiểm tra, đ&aacute;nh gi&aacute; mức độ hiểu kiến thức.</p><p style=\"box-sizing: border-box; margin: 0px 0px 10px; padding: 0px; font-size: 1em; text-align: justify;\">Sau khi học xong b&agrave;i 14 v&agrave; b&agrave;i 28, người học sẽ l&agrave;m b&agrave;i kiểm tra đ&aacute;nh gi&aacute; năng lực với 90 c&acirc;u hỏi nhằm ghi nhớ b&agrave;i học, đồng thời l&agrave;m quen dần với dạng đề thi thực tế.</p><p style=\"box-sizing: border-box; margin: 0px 0px 10px; padding: 0px; font-size: 1em; text-align: justify;\"><strong style=\"box-sizing: border-box; margin: 0px; padding: 0px; font-weight: bold; font-family: Arial, Helvetica, sans-serif;\">Điểm đặc biệt của cuốn s&aacute;ch Destination B2</strong></p><p style=\"box-sizing: border-box; margin: 0px 0px 10px; padding: 0px; font-size: 1em; text-align: justify;\">Nhằm gi&uacute;p người Việt học tiếng Anh dễ d&agrave;ng v&agrave; hiệu quả hơn, phi&ecirc;n bản s&aacute;ch Destination do C&ocirc;ng ty cổ phần s&aacute;ch MCBooks ph&aacute;t h&agrave;nh sẽ bổ sung th&ecirc;m nhiều nội dung sau:</p><p style=\"box-sizing: border-box; margin: 0px 0px 10px; padding: 0px; font-size: 1em; text-align: justify;\">- Danh mục từ vựng cuối s&aacute;ch k&egrave;m phi&ecirc;n &acirc;m, nghĩa tiếng Việt.</p><p style=\"box-sizing: border-box; margin: 0px 0px 10px; padding: 0px; font-size: 1em; text-align: justify;\">- Tặng Ebook bản dịch nội dung b&agrave;i học ngữ ph&aacute;p.</p><p style=\"box-sizing: border-box; margin: 0px 0px 10px; padding: 0px; font-size: 1em; text-align: justify;\">- Tặng Audio luyện nghe c&aacute;c b&agrave;i học từ vựng trong s&aacute;ch.</p><p style=\"box-sizing: border-box; margin: 0px 0px 10px; padding: 0px; font-size: 1em; text-align: justify;\">- Tặng hơn 500 b&agrave;i tập thực h&agrave;nh ngữ ph&aacute;p tr&ecirc;n App MCBooks.</p><p style=\"box-sizing: border-box; margin: 0px 0px 10px; padding: 0px; font-size: 1em; text-align: justify;\"><strong style=\"box-sizing: border-box; margin: 0px; padding: 0px; font-weight: bold; font-family: Arial, Helvetica, sans-serif;\">Kiến thức đạt được sau lộ tr&igrave;nh học với bộ s&aacute;ch:</strong></p><p style=\"box-sizing: border-box; margin: 0px 0px 10px; padding: 0px; font-size: 1em; text-align: justify;\">- Nắm được khối lượng kiến thức v&agrave; lộ tr&igrave;nh &ocirc;n thi chứng chỉ tiếng Anh B2.</p><p style=\"box-sizing: border-box; margin: 0px 0px 10px; padding: 0px; font-size: 1em; text-align: justify;\">- L&agrave;m quen với đề thi để luyện</p></div></div></div><div style=\"box-sizing: border-box; color: rgb(0, 0, 0); font-family: Inter, Helvetica, Arial, sans-serif; font-size: 14px; font-style: normal; font-variant-ligatures: normal; font-variant-caps: normal; font-weight: 400; letter-spacing: normal; orphans: 2; text-align: start; text-indent: 0px; text-transform: none; widows: 2; word-spacing: 0px; -webkit-text-stroke-width: 0px; white-space: normal; background-color: rgb(255, 255, 255); text-decoration-thickness: initial; text-decoration-style: initial; text-decoration-color: initial; display: flex; flex-direction: column; gap: 4px;\"><br></div>', '2024-05-27 15:00:31', '2024-06-13 15:48:04');
INSERT INTO `Books` VALUES (2, 'Sách - 38 Bức Thư Rockefeller Gửi Cho Con Trai - SBOOKS', 5, 1, 1, 1, 1, 2024, NULL, 79000, 900, 10, 312, 'Bìa mềm', '20.5 x 13 x 1.3 cm', '1716797227076-828635359.jpeg', '<p>Hello</p>', '2024-05-27 15:07:59', '2024-06-13 16:05:37');
INSERT INTO `Books` VALUES (3, 'Blue Period 5 (English Edition)', 12, 1, 8, 6, 8, 2024, NULL, 342000, 100, 1, 300, 'Bìa mềm', '14.5 x 20.5', '1718290824220-476258093.jpg', '<table style=\"box-sizing: border-box; margin: 10px 0px 10px calc(0%); padding: 0px; border-spacing: 0px; border-collapse: collapse; max-width: 100%; background: rgb(255, 255, 255); border: none; empty-cells: show; font-size: 13px; width: 100%; box-shadow: none; color: rgb(51, 51, 51); font-family: nunito-sans, sans-serif, Helvetica, Arial; font-style: normal; font-variant-ligatures: normal; font-variant-caps: normal; font-weight: 400; letter-spacing: normal; orphans: 2; text-align: left; text-transform: none; widows: 2; word-spacing: 0px; -webkit-text-stroke-width: 0px; white-space: normal; text-decoration-thickness: initial; text-decoration-style: initial; text-decoration-color: initial;\" id=\"isPasted\"><tbody style=\"box-sizing: border-box; margin: 0px; padding: 0px;\"><tr style=\"box-sizing: border-box; margin: 0px; padding: 0px;\"><th style=\"box-sizing: border-box; margin: 0px; padding: 4px; text-align: left; vertical-align: baseline; font-weight: normal; border: none; display: table-cell; line-height: 1.6; white-space: nowrap; color: rgb(119, 119, 119); font-size: 1.1em;\">M&atilde; h&agrave;ng</th><td style=\"box-sizing: border-box; margin: 0px; padding: 4px; vertical-align: top; text-align: left; font-weight: normal; border: none; font-size: 1.1em;\">9781646511273</td></tr><tr style=\"box-sizing: border-box; margin: 0px; padding: 0px;\"><th style=\"box-sizing: border-box; margin: 0px; padding: 4px; text-align: left; vertical-align: baseline; font-weight: normal; border: none; display: table-cell; line-height: 1.6; white-space: nowrap; color: rgb(119, 119, 119); font-size: 1.1em;\">T&ecirc;n Nh&agrave; Cung Cấp</th><td style=\"box-sizing: border-box; margin: 0px; padding: 4px; vertical-align: top; text-align: left; font-weight: normal; border: none; font-size: 1.1em;\"><a href=\"https://www.fahasa.com/new-japanese-books?fhs_campaign=ATTRIBUTE_PRODUCT\" style=\"box-sizing: border-box; margin: 0px; padding: 0px; background: transparent; color: rgb(36, 137, 244); text-decoration: none; transition: all 300ms ease-in 0s;\">Kinokuniya Book Stores</a></td></tr><tr style=\"box-sizing: border-box; margin: 0px; padding: 0px;\"><th style=\"box-sizing: border-box; margin: 0px; padding: 4px; text-align: left; vertical-align: baseline; font-weight: normal; border: none; display: table-cell; line-height: 1.6; white-space: nowrap; color: rgb(119, 119, 119); font-size: 1.1em;\">T&aacute;c giả</th><td style=\"box-sizing: border-box; margin: 0px; padding: 4px; vertical-align: top; text-align: left; font-weight: normal; border: none; font-size: 1.1em;\">Tsubasa Yamaguchi</td></tr><tr style=\"box-sizing: border-box; margin: 0px; padding: 0px;\"><th style=\"box-sizing: border-box; margin: 0px; padding: 4px; text-align: left; vertical-align: baseline; font-weight: normal; border: none; display: table-cell; line-height: 1.6; white-space: nowrap; color: rgb(119, 119, 119); font-size: 1.1em;\">NXB</th><td style=\"box-sizing: border-box; margin: 0px; padding: 4px; vertical-align: top; text-align: left; font-weight: normal; border: none; font-size: 1.1em;\">Kodansha Comics</td></tr><tr style=\"box-sizing: border-box; margin: 0px; padding: 0px;\"><th style=\"box-sizing: border-box; margin: 0px; padding: 4px; text-align: left; vertical-align: baseline; font-weight: normal; border: none; display: table-cell; line-height: 1.6; white-space: nowrap; color: rgb(119, 119, 119); font-size: 1.1em;\">Năm XB</th><td style=\"box-sizing: border-box; margin: 0px; padding: 4px; vertical-align: top; text-align: left; font-weight: normal; border: none; font-size: 1.1em;\">2021</td></tr><tr style=\"box-sizing: border-box; margin: 0px; padding: 0px;\"><th style=\"box-sizing: border-box; margin: 0px; padding: 4px; text-align: left; vertical-align: baseline; font-weight: normal; border: none; display: table-cell; line-height: 1.6; white-space: nowrap; color: rgb(119, 119, 119); font-size: 1.1em;\">Ng&ocirc;n Ngữ</th><td style=\"box-sizing: border-box; margin: 0px; padding: 4px; vertical-align: top; text-align: left; font-weight: normal; border: none; font-size: 1.1em;\">Tiếng Anh</td></tr><tr style=\"box-sizing: border-box; margin: 0px; padding: 0px;\"><th style=\"box-sizing: border-box; margin: 0px; padding: 4px; text-align: left; vertical-align: baseline; font-weight: normal; border: none; display: table-cell; line-height: 1.6; white-space: nowrap; color: rgb(119, 119, 119); font-size: 1.1em;\">Trọng lượng (gr)</th><td style=\"box-sizing: border-box; margin: 0px; padding: 4px; vertical-align: top; text-align: left; font-weight: normal; border: none; font-size: 1.1em;\">252</td></tr><tr style=\"box-sizing: border-box; margin: 0px; padding: 0px;\"><th style=\"box-sizing: border-box; margin: 0px; padding: 4px; text-align: left; vertical-align: baseline; font-weight: normal; border: none; display: table-cell; line-height: 1.6; white-space: nowrap; color: rgb(119, 119, 119); font-size: 1.1em;\">K&iacute;ch Thước Bao B&igrave;</th><td style=\"box-sizing: border-box; margin: 0px; padding: 4px; vertical-align: top; text-align: left; font-weight: normal; border: none; font-size: 1.1em;\">20.5 x 14.4 x 1.6 cm</td></tr><tr style=\"box-sizing: border-box; margin: 0px; padding: 0px;\"><th style=\"box-sizing: border-box; margin: 0px; padding: 4px; text-align: left; vertical-align: baseline; font-weight: normal; border: none; display: table-cell; line-height: 1.6; white-space: nowrap; color: rgb(119, 119, 119); font-size: 1.1em;\">Số trang</th><td style=\"box-sizing: border-box; margin: 0px; padding: 4px; vertical-align: top; text-align: left; font-weight: normal; border: none; font-size: 1.1em;\">208</td></tr><tr style=\"box-sizing: border-box; margin: 0px; padding: 0px;\"><th style=\"box-sizing: border-box; margin: 0px; padding: 4px; text-align: left; vertical-align: baseline; font-weight: normal; border: none; display: table-cell; line-height: 1.6; white-space: nowrap; color: rgb(119, 119, 119); font-size: 1.1em;\">H&igrave;nh thức</th><td style=\"box-sizing: border-box; margin: 0px; padding: 4px; vertical-align: top; text-align: left; font-weight: normal; border: none; font-size: 1.1em;\">B&igrave;a Mềm</td></tr><tr style=\"box-sizing: border-box; margin: 0px; padding: 0px;\"><th style=\"box-sizing: border-box; margin: 0px; padding: 4px; text-align: left; vertical-align: baseline; font-weight: normal; border: none; display: table-cell; line-height: 1.6; white-space: nowrap; color: rgb(119, 119, 119); font-size: 1.1em;\">Sản phẩm b&aacute;n chạy nhất</th><td style=\"box-sizing: border-box; margin: 0px; padding: 4px; vertical-align: top; text-align: left; font-weight: normal; border: none; font-size: 1.1em;\"><a href=\"https://www.fahasa.com/foreigncategory/graphic-novels-anime-manga/graphic-novels-manga.html?order=num_orders_month\" style=\"box-sizing: border-box; margin: 0px; padding: 0px; background: transparent; color: rgb(36, 137, 244); text-decoration: none; transition: all 300ms ease-in 0s; font-size: 14px;\">Top 100 sản phẩm Graphic Novels: Manga b&aacute;n chạy của th&aacute;ng</a></td></tr><tr style=\"box-sizing: border-box; margin: 0px; padding: 0px;\"><td colspan=\"2\" style=\"box-sizing: border-box; margin: 0px; padding: 0px; vertical-align: top; text-align: left; font-weight: normal; border: none; font-size: 1.1em;\"><div style=\"box-sizing: border-box; margin: 0px; padding: 0px;\">Gi&aacute; sản phẩm tr&ecirc;n Fahasa.com đ&atilde; bao gồm thuế theo luật hiện h&agrave;nh. B&ecirc;n cạnh đ&oacute;, tuỳ v&agrave;o loại sản phẩm, h&igrave;nh thức v&agrave; địa chỉ giao h&agrave;ng m&agrave; c&oacute; thể ph&aacute;t sinh th&ecirc;m chi ph&iacute; kh&aacute;c như Phụ ph&iacute; đ&oacute;ng g&oacute;i, ph&iacute; vận chuyển, phụ ph&iacute; h&agrave;ng cồng kềnh,.</div></td></tr></tbody></table>', '2024-06-13 22:01:10', '2024-06-14 10:09:01');
INSERT INTO `Books` VALUES (4, 'Sách Âm Thanh - Những Loài Vật Quanh Em', 9, 6, 7, 9, 2, 2022, NULL, 153000, 2000, 0, 100, 'Bìa mềm', '20.5 x 13 x 1.3 cm', '1718291102739-914233301.jpg', '<div style=\"box-sizing: border-box; margin: 0px; padding: 0px; overflow: hidden; max-height: 600px; color: rgb(51, 51, 51); font-family: nunito-sans, sans-serif, Helvetica, Arial; font-size: 13px; font-style: normal; font-variant-ligatures: normal; font-variant-caps: normal; font-weight: 400; letter-spacing: normal; orphans: 2; text-align: left; text-indent: 0px; text-transform: none; widows: 2; word-spacing: 0px; -webkit-text-stroke-width: 0px; white-space: normal; text-decoration-thickness: initial; text-decoration-style: initial; text-decoration-color: initial;\" id=\"isPasted\"><div style=\"box-sizing: border-box; margin: 20px 0px 0px; padding: 0px; display: block !important; line-height: 25px;\"><div style=\"box-sizing: border-box; margin: 0px; padding: 0px; font-size: 13px;\"><p style=\"box-sizing: border-box; margin: 0px 0px 10px; padding: 0px; font-size: 1em; text-align: justify;\"><strong style=\"box-sizing: border-box; margin: 0px; padding: 0px; font-weight: bold; font-family: Arial, Helvetica, sans-serif;\">S&aacute;ch &Acirc;m Thanh - Những Lo&agrave;i Vật Quanh Em</strong></p><p style=\"box-sizing: border-box; margin: 0px 0px 10px; padding: 0px; font-size: 1em; text-align: justify;\">Ở phi&ecirc;n bản mới nhất, bộ nhớ &acirc;m thanh được mở rộng gấp 5 lần so với trước đ&acirc;y, k&eacute;o d&agrave;i thời gian ph&aacute;t &acirc;m thanh. Thay v&igrave; những &acirc;m thanh ngắn v&agrave;i gi&acirc;y, giờ đ&acirc;y trẻ đ&atilde; c&oacute; thể nghe hết một c&acirc;u chuyện hay một bản nhạc.</p><p style=\"box-sizing: border-box; margin: 0px 0px 10px; padding: 0px; font-size: 1em; text-align: justify;\">Đặc biệt bổ sung nhiều hơn c&aacute;c tr&ograve; chơi chạm trượt v&agrave; lật mở được thiết kế cực kỳ kh&eacute;o l&eacute;o d&agrave;nh ri&ecirc;ng cho c&aacute;c b&eacute; trong độ tuổi từ 0 - 6 tuổi. Trẻ c&oacute; thể di đầu ng&oacute;n tay theo chiều mũi t&ecirc;n của c&aacute;c đường n&eacute;t để kh&aacute;m ph&aacute; c&aacute;c h&igrave;nh dạng, k&yacute; hiệu sinh động trong s&aacute;ch, v&agrave; mở c&aacute;c miếng lật để kh&aacute;m ph&aacute; những điều th&uacute; vị ẩn b&ecirc;n dưới ch&uacute;ng.</p><p style=\"box-sizing: border-box; margin: 0px 0px 10px; padding: 0px; font-size: 1em; text-align: justify;\">️Hai chủ đề gần gũi với c&aacute;c bạn nhỏ l&agrave; &acirc;m thanh c&aacute;c loại nhạc cụ v&agrave; c&acirc;u chuyện N&agrave;ng Bạch Tuyết v&agrave; bảy ch&uacute; l&ugrave;n sẽ được t&aacute;i xuất dưới diện mạo ho&agrave;n to&agrave;n mới lạ v&agrave; độc đ&aacute;o.</p><p style=\"box-sizing: border-box; margin: 0px 0px 10px; padding: 0px; font-size: 1em; text-align: justify;\">S&aacute;ch &Acirc;m thanh &quot;made in Việt Nam&quot; l&agrave; tuyển tập những c&acirc;u chuyện kể khai th&aacute;c chủ đề th&acirc;n thuộc quanh trẻ. Chuyến kh&aacute;m ph&aacute; n&agrave;y kh&ocirc;ng chỉ c&oacute; h&igrave;nh ảnh m&agrave; c&ograve;n c&oacute; cả &acirc;m thanh, qua mắt trẻ thế giới b&ecirc;n ngo&agrave;i được t&aacute;i hiện v&ocirc; c&ugrave;ng ch&acirc;n thực.</p><p style=\"box-sizing: border-box; margin: 0px 0px 10px; padding: 0px; font-size: 1em; text-align: justify;\">- T&aacute;c động mạnh mẽ đến th&iacute;nh gi&aacute;c chỉ qua một lần chạm với hệ thống module, chip &acirc;m thanh hiện đại, mang lại trải nghiệm &acirc;m thanh ch&acirc;n thực, sinh động.</p><p style=\"box-sizing: border-box; margin: 0px 0px 10px; padding: 0px; font-size: 1em; text-align: justify;\">- Chủ đề &acirc;m thanh đa dạng: Cuộc sống quanh em, &Acirc;m thanh phố phường, &Acirc;m thanh của thi&ecirc;n nhi&ecirc;n, &Acirc;m thanh của c&aacute;c lo&agrave;i vật. &Acirc;m thanh của c&aacute;c loại nhạc cụ</p><p style=\"box-sizing: border-box; margin: 0px 0px 10px; padding: 0px; font-size: 1em; text-align: justify;\">- Mỗi cuốn s&aacute;ch l&agrave; một c&acirc;u chuyện d&agrave;i dẫn dắt trẻ chăm ch&uacute; theo d&otilde;i v&agrave; tăng tương t&aacute;c giữa cha mẹ &amp; con c&aacute;i khi đọc c&ugrave;ng nhau.</p><p style=\"box-sizing: border-box; margin: 0px 0px 10px; padding: 0px; font-size: 1em; text-align: justify;\">- T&aacute;c động to&agrave;n diện tới 4 gi&aacute;c quan quan trọng nhất của trẻ: th&iacute;nh gi&aacute;c (&acirc;m thanh), cảm gi&aacute;c (c&acirc;u chuyện), x&uacute;c gi&aacute;c (n&uacute;t bấm &acirc;m thanh, lật mở), thị gi&aacute;c (h&igrave;nh ảnh).</p><p style=\"box-sizing: border-box; margin: 0px 0px 10px; padding: 0px; font-size: 1em; text-align: justify;\">- H&igrave;nh ảnh minh họa đẹp mắt, c&aacute;c n&eacute;t vẽ gần gũi với trẻ em Việt Nam.</p><p style=\"box-sizing: border-box; margin: 0px 0px 10px; padding: 0px; font-size: 1em; text-align: justify;\">- Mỗi &acirc;m thanh đi k&egrave;m một từ vựng Anh - Việt k&egrave;m ph&aacute;t &acirc;m gi&uacute;p trẻ đồng thời trau dồi vốn từ vựng hiệu quả.</p><p style=\"box-sizing: border-box; margin: 0px 0px 10px; padding: 0px; font-size: 1em; text-align: justify;\">- Bộ s&aacute;ch sẽ l&agrave; m&oacute;n qu&agrave; tuổi thơ đặc biệt v&agrave; sống động m&agrave; trẻ ấn tượng m&atilde;i.</p></div></div></div><div style=\"box-sizing: border-box; margin: 0px; padding: 0px; color: rgb(51, 51, 51); font-family: nunito-sans, sans-serif, Helvetica, Arial; font-size: 13px; font-style: normal; font-variant-ligatures: normal; font-variant-caps: normal; font-weight: 400; letter-spacing: normal; orphans: 2; text-align: left; text-indent: 0px; text-transform: none; widows: 2; word-spacing: 0px; -webkit-text-stroke-width: 0px; white-space: normal; text-decoration-thickness: initial; text-decoration-style: initial; text-decoration-color: initial; overflow-y: hidden;\"><div style=\"box-sizing: border-box; margin: -600px 0px 0px; padding: 0px; display: block;\"><div style=\"box-sizing: border-box; margin: 20px 0px 0px; padding: 0px; display: block !important; line-height: 25px;\"></div></div></div>', '2024-06-13 22:05:14', '2024-06-13 22:05:14');
INSERT INTO `Books` VALUES (5, 'Thám Tử Lừng Danh Conan - Tuyển Tập Đặc Biệt - Vs. Kaito Kid Perfect Edition - Tập 1', 13, 4, 9, 9, 8, 2023, NULL, 89000, 600, 0, 200, 'Bìa cứng', '20.5 x 13 x 1.3 cm', '1718291294234-81990943.jpg', '<div style=\"box-sizing: border-box; margin: 0px; padding: 0px; overflow: hidden; max-height: 600px; color: rgb(51, 51, 51); font-family: nunito-sans, sans-serif, Helvetica, Arial; font-size: 13px; font-style: normal; font-variant-ligatures: normal; font-variant-caps: normal; font-weight: 400; letter-spacing: normal; orphans: 2; text-align: left; text-indent: 0px; text-transform: none; widows: 2; word-spacing: 0px; -webkit-text-stroke-width: 0px; white-space: normal; text-decoration-thickness: initial; text-decoration-style: initial; text-decoration-color: initial;\" id=\"isPasted\"><div style=\"box-sizing: border-box; margin: 20px 0px 0px; padding: 0px; display: block !important; line-height: 25px;\"><div style=\"box-sizing: border-box; margin: 0px; padding: 0px; font-size: 13px;\"><p style=\"box-sizing: border-box; margin: 0px 0px 10px; padding: 0px; font-size: 1em; text-align: justify;\">Th&aacute;m Tử Lừng Danh Conan Tuyển Tập Đặc Biệt - Vs. Kaito Kid Perfect Edition - Tập 1</p><p style=\"box-sizing: border-box; margin: 0px 0px 10px; padding: 0px; font-size: 1em; text-align: justify;\">C&aacute;c c&acirc;u chuyện được tuyển chọn v&agrave; bi&ecirc;n soạn từ 6 phần: &ldquo;Conan VS. Kaito Kid&rdquo;, &ldquo;&Aacute;n mạng ở c&acirc;u lạc bộ y&ecirc;u ảo thuật&rdquo;,&ldquo;Cuộc hội ngộ của c&aacute;c th&aacute;m tử!&rdquo;,&ldquo;Kaito Kid v&agrave; m&agrave;n tr&igrave;nh diễn đi tr&ecirc;n kh&ocirc;ng trung&rdquo;,&ldquo;Chuyến th&aacute;m hiểm ng&ocirc;i nh&agrave; k&igrave; qu&aacute;i&rdquo;, &ldquo;Kaito Kid v&agrave; 4 bức danh họa&rdquo;!!</p><p style=\"box-sizing: border-box; margin: 0px 0px 10px; padding: 0px; font-size: 1em; text-align: justify;\">Kaito Kid - Si&ecirc;utrộm 1412 &ndash; t&aacute;i xuất sau 8 năm vắng b&oacute;ng khiến dư luận x&ocirc;n xao!! Tập 1 phi&ecirc;n bản ho&agrave;n chỉnh chọn lọc những trận đấu tr&iacute; đỉnh cao giữa th&aacute;m tử nh&iacute; Edogawa Conan v&agrave; si&ecirc;u trộm Kid, ti&ecirc;u biểu l&agrave; lần chạm tr&aacute;n đầu ti&ecirc;n giữa hai k&igrave; ph&ugrave;ng địch thủ!!</p></div></div></div><div style=\"box-sizing: border-box; margin: 0px; padding: 0px; color: rgb(51, 51, 51); font-family: nunito-sans, sans-serif, Helvetica, Arial; font-size: 13px; font-style: normal; font-variant-ligatures: normal; font-variant-caps: normal; font-weight: 400; letter-spacing: normal; orphans: 2; text-align: left; text-indent: 0px; text-transform: none; widows: 2; word-spacing: 0px; -webkit-text-stroke-width: 0px; white-space: normal; text-decoration-thickness: initial; text-decoration-style: initial; text-decoration-color: initial; overflow-y: hidden;\"><div style=\"box-sizing: border-box; margin: -600px 0px 0px; padding: 0px; display: block;\"><div style=\"box-sizing: border-box; margin: 20px 0px 0px; padding: 0px; display: block !important; line-height: 25px;\"><div style=\"box-sizing: border-box; margin: 0px; padding: 0px; font-size: 13px;\"><br></div></div></div></div>', '2024-06-13 22:08:47', '2024-06-13 22:08:47');
INSERT INTO `Books` VALUES (6, 'Surrounded By Setbacks : Or, How To Succeed When Everything\'s Gone Bad', 12, 5, 9, 7, 1, 2022, NULL, 267000, 230, 0, 120, 'Bìa cứng', '14.5 x 20.5', '1718291680004-739040111.jpg', '<p style=\"box-sizing: border-box; margin: 0px 0px 10px; padding: 0px; font-size: 1em; color: rgb(51, 51, 51); font-family: nunito-sans, sans-serif, Helvetica, Arial; font-style: normal; font-variant-ligatures: normal; font-variant-caps: normal; font-weight: 400; letter-spacing: normal; orphans: 2; text-indent: 0px; text-transform: none; widows: 2; word-spacing: 0px; -webkit-text-stroke-width: 0px; white-space: normal; background-color: rgb(255, 255, 255); text-decoration-thickness: initial; text-decoration-style: initial; text-decoration-color: initial; text-align: justify;\" id=\"isPasted\"><strong style=\"box-sizing: border-box; margin: 0px; padding: 0px; font-weight: bold; font-family: Arial, Helvetica, sans-serif;\">Surrounded By Setbacks : Or, How To Succeed When Everything&#39;s Gone Bad</strong></p><p style=\"box-sizing: border-box; margin: 0px 0px 10px; padding: 0px; font-size: 1em; color: rgb(51, 51, 51); font-family: nunito-sans, sans-serif, Helvetica, Arial; font-style: normal; font-variant-ligatures: normal; font-variant-caps: normal; font-weight: 400; letter-spacing: normal; orphans: 2; text-indent: 0px; text-transform: none; widows: 2; word-spacing: 0px; -webkit-text-stroke-width: 0px; white-space: normal; background-color: rgb(255, 255, 255); text-decoration-thickness: initial; text-decoration-style: initial; text-decoration-color: initial; text-align: justify;\">How to handle everything (and everyone) around you when all hell breaks loose, from the international bestselling author of Surrounded by Idiots.</p><p style=\"box-sizing: border-box; margin: 0px 0px 10px; padding: 0px; font-size: 1em; color: rgb(51, 51, 51); font-family: nunito-sans, sans-serif, Helvetica, Arial; font-style: normal; font-variant-ligatures: normal; font-variant-caps: normal; font-weight: 400; letter-spacing: normal; orphans: 2; text-indent: 0px; text-transform: none; widows: 2; word-spacing: 0px; -webkit-text-stroke-width: 0px; white-space: normal; background-color: rgb(255, 255, 255); text-decoration-thickness: initial; text-decoration-style: initial; text-decoration-color: initial; text-align: justify;\">Not everything goes the way we want it to - the world or people around us sometimes just spin out of control. Just consider the Covid pandemic for starters. Or how about that mad neighbour you have living next-door to you? Or when work seems to be going down the toilet when the competition keep outsmarting you? So how do you handle everything life throws your way when you&#39;d really prefer to tell everyone to get stuffed?</p>', '2024-06-13 22:15:04', '2024-06-13 22:15:04');
INSERT INTO `Books` VALUES (7, 'The Power Of Regret: How Looking Backward Moves Us Forward', 9, 5, 6, 8, 1, 2022, NULL, 189000, 700, 0, 230, 'Bìa mềm', '14.5 x 20.5', '1718291941391-208834298.jpg', '<div style=\"box-sizing: border-box; margin: 0px; padding: 0px; overflow: hidden; max-height: 600px; color: rgb(51, 51, 51); font-family: nunito-sans, sans-serif, Helvetica, Arial; font-size: 13px; font-style: normal; font-variant-ligatures: normal; font-variant-caps: normal; font-weight: 400; letter-spacing: normal; orphans: 2; text-align: left; text-indent: 0px; text-transform: none; widows: 2; word-spacing: 0px; -webkit-text-stroke-width: 0px; white-space: normal; text-decoration-thickness: initial; text-decoration-style: initial; text-decoration-color: initial;\" id=\"isPasted\"><div style=\"box-sizing: border-box; margin: 20px 0px 0px; padding: 0px; display: block !important; line-height: 25px;\"><div style=\"box-sizing: border-box; margin: 0px; padding: 0px; font-size: 13px;\"><p style=\"box-sizing: border-box; margin: 0px 0px 10px; padding: 0px; font-size: 1em;\"><strong style=\"box-sizing: border-box; margin: 0px; padding: 0px; font-weight: bold; font-family: Arial, Helvetica, sans-serif;\">The Power Of Regret: How Looking Backward Moves Us Forward</strong></p><p style=\"box-sizing: border-box; margin: 0px 0px 10px; padding: 0px; font-size: 1em;\"><strong style=\"box-sizing: border-box; margin: 0px; padding: 0px; font-weight: bold; font-family: Arial, Helvetica, sans-serif;\">From Daniel H. Pink, the #1 New York Times-bestselling author of When and Drive, a new book about the transforming power of our most misunderstood yet potentially most valuable emotion: regret.</strong></p><p style=\"box-sizing: border-box; margin: 0px 0px 10px; padding: 0px; font-size: 1em;\">Everybody has regrets, Daniel H. Pink explains in The Power of Regret. They&rsquo;re a universal and healthy part of being human. And understanding how regret works can help us make smarter decisions, perform better at work and school, and bring greater meaning to our lives.</p><p style=\"box-sizing: border-box; margin: 0px 0px 10px; padding: 0px; font-size: 1em;\">Drawing on research in social psychology, neuroscience, and biology, Pink debunks the myth of the &ldquo;no regrets&rdquo; philosophy of life. And using the largest sampling of American attitudes about regret ever conducted as well as his own World Regret Survey&mdash;which has collected regrets from more than 15,000 people in 105 countries&mdash;he lays out the four core regrets that each of us has. These deep regrets offer compelling insights into how we live and how we can find a better path forward.</p><p style=\"box-sizing: border-box; margin: 0px 0px 10px; padding: 0px; font-size: 1em;\">As he did in his bestsellers Drive, When, and A Whole New Mind, Pink lays out a dynamic new way of thinking about regret and frames his ideas in ways that are clear, accessible, and pragmatic. Packed with true stories of people&#39;s regrets as well as practical takeaways for reimagining regret as a positive force, The Power of Regret shows how we can live richer, more engaged lives.</p></div></div></div><div style=\"box-sizing: border-box; margin: 0px; padding: 0px; color: rgb(51, 51, 51); font-family: nunito-sans, sans-serif, Helvetica, Arial; font-size: 13px; font-style: normal; font-variant-ligatures: normal; font-variant-caps: normal; font-weight: 400; letter-spacing: normal; orphans: 2; text-align: left; text-indent: 0px; text-transform: none; widows: 2; word-spacing: 0px; -webkit-text-stroke-width: 0px; white-space: normal; text-decoration-thickness: initial; text-decoration-style: initial; text-decoration-color: initial; overflow-y: hidden;\"><div style=\"box-sizing: border-box; margin: -600px 0px 0px; padding: 0px; display: block;\"><div style=\"box-sizing: border-box; margin: 20px 0px 0px; padding: 0px; display: block !important; line-height: 25px;\"><div style=\"box-sizing: border-box; margin: 0px; padding: 0px; font-size: 13px;\"><br></div></div></div></div>', '2024-06-13 22:19:19', '2024-06-13 22:19:19');
INSERT INTO `Books` VALUES (8, 'The Power Of Habit', 7, 3, 5, 7, 1, 2022, NULL, 600000, 560, 0, 569, 'Bìa cứng', '14.5 x 20.5', '1718292292468-28069942.jpg', '<p style=\"box-sizing: border-box; margin: 0px 0px 10px; padding: 0px; font-size: 1em; color: rgb(51, 51, 51); font-family: nunito-sans, sans-serif, Helvetica, Arial; font-style: normal; font-variant-ligatures: normal; font-variant-caps: normal; font-weight: 400; letter-spacing: normal; orphans: 2; text-indent: 0px; text-transform: none; widows: 2; word-spacing: 0px; -webkit-text-stroke-width: 0px; white-space: normal; background-color: rgb(255, 255, 255); text-decoration-thickness: initial; text-decoration-style: initial; text-decoration-color: initial; text-align: justify;\" id=\"isPasted\"><strong style=\"box-sizing: border-box; margin: 0px; padding: 0px; font-weight: bold; font-family: Arial, Helvetica, sans-serif;\">Why do we do develop habits? And how can we change them?</strong></p><p style=\"box-sizing: border-box; margin: 0px 0px 10px; padding: 0px; font-size: 1em; color: rgb(51, 51, 51); font-family: nunito-sans, sans-serif, Helvetica, Arial; font-style: normal; font-variant-ligatures: normal; font-variant-caps: normal; font-weight: 400; letter-spacing: normal; orphans: 2; text-indent: 0px; text-transform: none; widows: 2; word-spacing: 0px; -webkit-text-stroke-width: 0px; white-space: normal; background-color: rgb(255, 255, 255); text-decoration-thickness: initial; text-decoration-style: initial; text-decoration-color: initial; text-align: justify;\"><span style=\"box-sizing: border-box; margin: 0px; padding: 0px; font-size: 1em;\">We can always change. In&nbsp;</span><em style=\"box-sizing: border-box; margin: 0px; padding: 0px; font-style: italic;\">The Power of Habit,&nbsp;</em><span style=\"box-sizing: border-box; margin: 0px; padding: 0px; font-size: 1em;\">award-winning&nbsp;</span><em style=\"box-sizing: border-box; margin: 0px; padding: 0px; font-style: italic;\">New York Times</em><span style=\"box-sizing: border-box; margin: 0px; padding: 0px; font-size: 1em;\">&nbsp;business reporter Charles Duhigg translates cutting-edge behavioural science into practical self-improvement action, distilling advanced neuroscience into fascinating narratives of transformation.</span></p><p style=\"box-sizing: border-box; margin: 0px 0px 10px; padding: 0px; font-size: 1em; color: rgb(51, 51, 51); font-family: nunito-sans, sans-serif, Helvetica, Arial; font-style: normal; font-variant-ligatures: normal; font-variant-caps: normal; font-weight: 400; letter-spacing: normal; orphans: 2; text-indent: 0px; text-transform: none; widows: 2; word-spacing: 0px; -webkit-text-stroke-width: 0px; white-space: normal; background-color: rgb(255, 255, 255); text-decoration-thickness: initial; text-decoration-style: initial; text-decoration-color: initial; text-align: justify;\"><span style=\"box-sizing: border-box; margin: 0px; padding: 0px; font-size: 1em;\">Why can some people and companies change overnight, and some stay stuck in their old ruts? The answer lies deep in the human brain, and&nbsp;</span><em style=\"box-sizing: border-box; margin: 0px; padding: 0px; font-style: italic;\">The Power of Habits&nbsp;</em><span style=\"box-sizing: border-box; margin: 0px; padding: 0px; font-size: 1em;\">reveals the secret pressure points that can change a life. From Olympic swimmer Michael Phelps to Martin Luther King Jr., from the CEO of Starbucks to the locker rooms of the NFL, Duhigg explores the incredible results of&nbsp;</span><em style=\"box-sizing: border-box; margin: 0px; padding: 0px; font-style: italic;\">keystone habits</em><span style=\"box-sizing: border-box; margin: 0px; padding: 0px; font-size: 1em;\">, and how they can make all the difference between billions and millions, failure and success &ndash; or even life and death</span></p>', '2024-06-13 22:25:48', '2024-06-13 22:25:48');
INSERT INTO `Books` VALUES (9, 'The Culture Code', 7, 3, 1, 6, 6, 2023, NULL, 670000, 800, 0, 500, 'Bìa mềm', '14.5 x 20.5', '1718292475739-750850553.jpg', '<div style=\"box-sizing: border-box; margin: 0px; padding: 0px; overflow: hidden; max-height: 600px; color: rgb(51, 51, 51); font-family: nunito-sans, sans-serif, Helvetica, Arial; font-size: 13px; font-style: normal; font-variant-ligatures: normal; font-variant-caps: normal; font-weight: 400; letter-spacing: normal; orphans: 2; text-align: left; text-indent: 0px; text-transform: none; widows: 2; word-spacing: 0px; -webkit-text-stroke-width: 0px; white-space: normal; text-decoration-thickness: initial; text-decoration-style: initial; text-decoration-color: initial;\" id=\"isPasted\"><div style=\"box-sizing: border-box; margin: 20px 0px 0px; padding: 0px; display: block !important; line-height: 25px;\"><div style=\"box-sizing: border-box; margin: 0px; padding: 0px; font-size: 13px;\"><p style=\"box-sizing: border-box; margin: 0px 0px 10px; padding: 0px; font-size: 1em; text-align: justify;\"><strong style=\"box-sizing: border-box; margin: 0px; padding: 0px; font-weight: bold; font-family: Arial, Helvetica, sans-serif;\">The Culture Code</strong></p><p style=\"box-sizing: border-box; margin: 0px 0px 10px; padding: 0px; font-size: 1em; text-align: justify;\">NEW YORK TIMES BESTSELLER &bull; The&nbsp;author of The Talent Code&nbsp;unlocks the secrets of highly successful groups and provides tomorrow&rsquo;s leaders with the tools to build a cohesive, motivated culture.</p><p style=\"box-sizing: border-box; margin: 0px 0px 10px; padding: 0px; font-size: 1em; text-align: justify;\">Where does great culture come from? How do you build and sustain it in your group, or strengthen a culture that needs fixing?</p><p style=\"box-sizing: border-box; margin: 0px 0px 10px; padding: 0px; font-size: 1em; text-align: justify;\">In The Culture Code, Daniel Coyle goes inside some of the world&rsquo;s most successful organizations&mdash;including the U.S. Navy&rsquo;s SEAL Team Six, IDEO, and the San Antonio Spurs&mdash;and reveals what makes them tick. He demystifies the culture-building process by identifying three key skills that generate cohesion and cooperation, and explains how diverse groups learn to function with a single mind. Drawing on examples that range from Internet retailer Zappos to the comedy troupe Upright Citizens Brigade to a daring gang of jewel thieves, Coyle offers specific strategies that trigger learning, spark collaboration, build trust, and drive positive change. Coyle unearths helpful stories of failure that illustrate what not to do, troubleshoots common pitfalls, and shares advice about reforming a toxic culture. Combining leading-edge science, on-the-ground insights from world-class leaders, and practical ideas for action, The Culture Code offers a roadmap for creating an environment where innovation flourishes, problems get solved, and expectations are exceeded.</p><p style=\"box-sizing: border-box; margin: 0px 0px 10px; padding: 0px; font-size: 1em; text-align: justify;\">Culture is not something you are&mdash;it&rsquo;s something you do. The Culture Code puts the power in your hands. No matter the size of your group or your goal, this book can teach you the principles of cultural chemistry that transform individuals into teams that can accomplish amazing things together.</p><p style=\"box-sizing: border-box; margin: 0px 0px 10px; padding: 0px; font-size: 1em; text-align: justify;\">Advance praise for The Culture Code</p></div></div></div><div style=\"box-sizing: border-box; margin: 0px; padding: 0px; color: rgb(51, 51, 51); font-family: nunito-sans, sans-serif, Helvetica, Arial; font-size: 13px; font-style: normal; font-variant-ligatures: normal; font-variant-caps: normal; font-weight: 400; letter-spacing: normal; orphans: 2; text-align: left; text-indent: 0px; text-transform: none; widows: 2; word-spacing: 0px; -webkit-text-stroke-width: 0px; white-space: normal; text-decoration-thickness: initial; text-decoration-style: initial; text-decoration-color: initial; overflow-y: hidden;\"><div style=\"box-sizing: border-box; margin: -600px 0px 0px; padding: 0px; display: block;\"><div style=\"box-sizing: border-box; margin: 20px 0px 0px; padding: 0px; display: block !important; line-height: 25px;\"><div style=\"box-sizing: border-box; margin: 0px; padding: 0px; font-size: 13px;\"><br></div></div></div></div>', '2024-06-13 22:28:03', '2024-06-13 22:28:03');
INSERT INTO `Books` VALUES (10, 'Atomic Habits: An Easy & Proven Way To Build Good Habits & Break Bad Ones', 13, 3, 1, 7, 7, 2020, NULL, 456888, 999, 0, 340, 'Bìa cứng', '14.5 x 20.5', '1718292674094-608996235.jpg', '<p style=\"box-sizing: border-box; margin: 0px 0px 10px; padding: 0px; font-size: 1em; color: rgb(51, 51, 51); font-family: nunito-sans, sans-serif, Helvetica, Arial; font-style: normal; font-variant-ligatures: normal; font-variant-caps: normal; font-weight: 400; letter-spacing: normal; orphans: 2; text-indent: 0px; text-transform: none; widows: 2; word-spacing: 0px; -webkit-text-stroke-width: 0px; white-space: normal; background-color: rgb(255, 255, 255); text-decoration-thickness: initial; text-decoration-style: initial; text-decoration-color: initial; text-align: justify;\" id=\"isPasted\"><strong style=\"box-sizing: border-box; margin: 0px; padding: 0px; font-weight: bold; font-family: Arial, Helvetica, sans-serif;\">Atomic Habits: An Easy &amp; Proven Way To Build Good Habits &amp; Break Bad Ones</strong></p><p style=\"box-sizing: border-box; margin: 0px 0px 10px; padding: 0px; font-size: 1em; color: rgb(51, 51, 51); font-family: nunito-sans, sans-serif, Helvetica, Arial; font-style: normal; font-variant-ligatures: normal; font-variant-caps: normal; font-weight: 400; letter-spacing: normal; orphans: 2; text-indent: 0px; text-transform: none; widows: 2; word-spacing: 0px; -webkit-text-stroke-width: 0px; white-space: normal; background-color: rgb(255, 255, 255); text-decoration-thickness: initial; text-decoration-style: initial; text-decoration-color: initial; text-align: justify;\"><strong style=\"box-sizing: border-box; margin: 0px; padding: 0px; font-weight: bold; font-family: Arial, Helvetica, sans-serif;\">THE PHENOMENAL INTERNATIONAL BESTSELLER - 1 MILLION COPIES SOLD</strong></p><p style=\"box-sizing: border-box; margin: 0px 0px 10px; padding: 0px; font-size: 1em; color: rgb(51, 51, 51); font-family: nunito-sans, sans-serif, Helvetica, Arial; font-style: normal; font-variant-ligatures: normal; font-variant-caps: normal; font-weight: 400; letter-spacing: normal; orphans: 2; text-indent: 0px; text-transform: none; widows: 2; word-spacing: 0px; -webkit-text-stroke-width: 0px; white-space: normal; background-color: rgb(255, 255, 255); text-decoration-thickness: initial; text-decoration-style: initial; text-decoration-color: initial; text-align: justify;\"><strong style=\"box-sizing: border-box; margin: 0px; padding: 0px; font-weight: bold; font-family: Arial, Helvetica, sans-serif;\">Transform your life with tiny changes in behaviour, starting now.</strong></p><p style=\"box-sizing: border-box; margin: 0px 0px 10px; padding: 0px; font-size: 1em; color: rgb(51, 51, 51); font-family: nunito-sans, sans-serif, Helvetica, Arial; font-style: normal; font-variant-ligatures: normal; font-variant-caps: normal; font-weight: 400; letter-spacing: normal; orphans: 2; text-indent: 0px; text-transform: none; widows: 2; word-spacing: 0px; -webkit-text-stroke-width: 0px; white-space: normal; background-color: rgb(255, 255, 255); text-decoration-thickness: initial; text-decoration-style: initial; text-decoration-color: initial; text-align: justify;\">People think that when you want to change your life, you need to think big. But world-renowned habits expert James Clear has discovered another way. He knows that real change comes from the compound effect of hundreds of small decisions: doing two push-ups a day, waking up five minutes early, or holding a single short phone call</p>', '2024-06-13 22:31:39', '2024-06-13 22:31:39');
INSERT INTO `Books` VALUES (11, 'Tuổi Thơ Dữ Dội - Tập 1 (Tái Bản 2019)', 5, 4, 6, 7, 2, 2019, NULL, 450000, 900, 0, 500, 'Bìa mềm', '14.5 x 20.5', '1718293307370-829486321.jpg', '<p style=\"box-sizing: border-box; margin: 0px 0px 10px; padding: 0px; font-size: 1em; color: rgb(51, 51, 51); font-family: nunito-sans, sans-serif, Helvetica, Arial; font-style: normal; font-variant-ligatures: normal; font-variant-caps: normal; font-weight: 400; letter-spacing: normal; orphans: 2; text-indent: 0px; text-transform: none; widows: 2; word-spacing: 0px; -webkit-text-stroke-width: 0px; white-space: normal; background-color: rgb(255, 255, 255); text-decoration-thickness: initial; text-decoration-style: initial; text-decoration-color: initial; text-align: justify;\" id=\"isPasted\">&ldquo;Tuổi Thơ Dữ Dội&rdquo; l&agrave; một c&acirc;u chuyện hay, cảm động viết về tuổi thơ. S&aacute;ch d&agrave;y 404 trang m&agrave; người đọc kh&ocirc;ng bao giờ muốn ngừng lại, bị l&ocirc;i cuốn v&igrave; những nh&acirc;n vật ng&acirc;y thơ c&oacute;, kh&ocirc;n ranh c&oacute;, anh h&ugrave;ng c&oacute;, v&igrave; những sự việc khi th&igrave; ly kỳ, khi th&igrave; h&agrave;i hước, khi th&igrave; g&acirc;y x&uacute;c động đến ứa nước mắt...</p><p style=\"box-sizing: border-box; margin: 0px 0px 10px; padding: 0px; font-size: 1em; color: rgb(51, 51, 51); font-family: nunito-sans, sans-serif, Helvetica, Arial; font-style: normal; font-variant-ligatures: normal; font-variant-caps: normal; font-weight: 400; letter-spacing: normal; orphans: 2; text-indent: 0px; text-transform: none; widows: 2; word-spacing: 0px; -webkit-text-stroke-width: 0px; white-space: normal; background-color: rgb(255, 255, 255); text-decoration-thickness: initial; text-decoration-style: initial; text-decoration-color: initial; text-align: justify;\">&quot;Tuổi Thơ Dữ Dội&rdquo; kh&ocirc;ng phải chỉ l&agrave; một c&acirc;u chuyện cổ t&iacute;ch, m&agrave; l&agrave; một c&acirc;u chuyện c&oacute; thật ở trần gian, ở đ&oacute;, những con người tuổi nhỏ đ&atilde; tham gia v&agrave;o cuộc kh&aacute;ng chiến chống x&acirc;m lược bảo vệ Tổ quốc với một chuỗi những chiến c&ocirc;ng đầy ắp li k&igrave; v&agrave; hấp dẫn. Đọc Tuổi Thơ Dữ Dội ch&iacute;nh l&agrave; đọc lại một phần lịch sử tuổi thơ Việt, thấm đẫm x&uacute;c động, cảm phục v&agrave; tự h&agrave;o...&quot;</p><p style=\"box-sizing: border-box; margin: 0px 0px 10px; padding: 0px; font-size: 1em; color: rgb(51, 51, 51); font-family: nunito-sans, sans-serif, Helvetica, Arial; font-style: normal; font-variant-ligatures: normal; font-variant-caps: normal; font-weight: 400; letter-spacing: normal; orphans: 2; text-indent: 0px; text-transform: none; widows: 2; word-spacing: 0px; -webkit-text-stroke-width: 0px; white-space: normal; background-color: rgb(255, 255, 255); text-decoration-thickness: initial; text-decoration-style: initial; text-decoration-color: initial; text-align: justify;\">Nh&agrave; thơ - nhạc sĩ Nguyễn Trọng Tạo</p>', '2024-06-13 22:41:55', '2024-06-13 22:41:55');
INSERT INTO `Books` VALUES (12, 'Lớp Học Mật Ngữ Phiên Bản Mới - Tập 2 - Tặng Kèm 1 Standee Lớp Học Mật Ngữ', 9, 4, 5, 6, 2, 2020, NULL, 230000, 800, 0, 450, 'Bìa cứng', '20.5 x 13 x 1.3 cm', '1718293471888-350377757.jpg', '<div style=\"box-sizing: border-box; margin: 0px; padding: 0px; overflow: hidden; max-height: 600px; color: rgb(51, 51, 51); font-family: nunito-sans, sans-serif, Helvetica, Arial; font-size: 13px; font-style: normal; font-variant-ligatures: normal; font-variant-caps: normal; font-weight: 400; letter-spacing: normal; orphans: 2; text-align: left; text-indent: 0px; text-transform: none; widows: 2; word-spacing: 0px; -webkit-text-stroke-width: 0px; white-space: normal; text-decoration-thickness: initial; text-decoration-style: initial; text-decoration-color: initial;\" id=\"isPasted\"><div style=\"box-sizing: border-box; margin: 20px 0px 0px; padding: 0px; display: block !important; line-height: 25px;\"><div style=\"box-sizing: border-box; margin: 0px; padding: 0px; font-size: 13px;\"><p style=\"box-sizing: border-box; margin: 0px 0px 10px; padding: 0px; font-size: 1em; text-align: justify;\"><strong style=\"box-sizing: border-box; margin: 0px; padding: 0px; font-weight: bold; font-family: Arial, Helvetica, sans-serif;\">Lớp Học Mật Ngữ Phi&ecirc;n Bản Mới - Tập 2</strong></p><p style=\"box-sizing: border-box; margin: 0px 0px 10px; padding: 0px; font-size: 1em; text-align: justify;\">HHT - Khi cạ cứng tự nhi&ecirc;n quay ra giận đ&ugrave;ng đ&ugrave;ng. L&agrave; c&oacute; th&acirc;n dữ chưa? Nếu bạn đ&atilde; hoặc đang rơi v&agrave;o t&igrave;nh huống bực bội với bạn m&igrave;nh, Lớp Học Mật Ngữ phi&ecirc;n bản mới Tập 2 ch&iacute;nh l&agrave; cẩm nang để x&oacute;a tan hiểu lầm v&agrave; nạp th&ecirc;m năng lượng cho chuyến xe t&igrave;nh bạn lại lao đi vun v&uacute;t.<strong style=\"box-sizing: border-box; margin: 0px; padding: 0px; font-weight: bold; font-family: Arial, Helvetica, sans-serif;\"><br style=\"box-sizing: border-box; margin: 0px; padding: 0px;\"></strong></p><div style=\"box-sizing: border-box; margin: 0px; padding: 0px; font-size: 1em; text-align: justify;\"><p style=\"box-sizing: border-box; margin: 0px 0px 10px; padding: 0px; font-size: 1em;\"><span style=\"box-sizing: border-box; margin: 0px; padding: 0px; font-size: 1em;\">Hẹn gặp nhau ở &ldquo;B&ugrave;ng binh giận dỗi&rdquo;</span></p><p style=\"box-sizing: border-box; margin: 0px 0px 10px; padding: 0px; font-size: 1em;\">Ng&acirc;n H&agrave; đang x&ocirc;n xao bộ phim hoạt h&igrave;nh <em style=\"box-sizing: border-box; margin: 0px; padding: 0px; font-style: italic;\">B&aacute;c sĩ lạ lắm,</em> ban ng&agrave;y chữa bệnh cứu người, ban đ&ecirc;m ti&ecirc;u diệt tội phạm. Nội dung gay cấn, hấp dẫn, chữa l&agrave;nh t&acirc;m hồn. Bạch Dương coi phim xong th&iacute;ch qu&aacute;, đập heo đất mua đồ để <em style=\"box-sizing: border-box; margin: 0px; padding: 0px; font-style: italic;\">cosplay</em> B&aacute;c sĩ lạ. C&ograve;n Kim Ngưu th&igrave; lại muốn cả hai <em style=\"box-sizing: border-box; margin: 0px; padding: 0px; font-style: italic;\">cosplay</em> chị em Nữ ho&agrave;ng băng gi&aacute;.</p><p style=\"box-sizing: border-box; margin: 0px 0px 10px; padding: 0px; font-size: 1em;\">Đứng ở &ldquo;B&ugrave;ng binh giận dỗi&rdquo;, giữa hai c&ocirc; bạn Bạch Dương v&agrave; Kim Ngưu với hai sở th&iacute;ch kh&aacute;ch nhau, c&aacute;c bạn lớp Ho&agrave;ng Cung đ&atilde; lao v&agrave;o giải quyết, nhưng c&agrave;ng giải quyết c&agrave;ng&hellip; banh. Cuối c&ugrave;ng mọi chuyện sẽ đi tới đ&acirc;u, l&agrave;m c&aacute;ch n&agrave;o để Kim Ngưu v&agrave; Bạch Dương bắt tay nhau trở lại? C&ugrave;ng đ&oacute;n xem nha!</p><p style=\"box-sizing: border-box; margin: 0px 0px 10px; padding: 0px; font-size: 1em;\"><span style=\"box-sizing: border-box; margin: 0px; padding: 0px; font-size: 1em;\">Ch&uacute; &yacute; tr&aacute;nh &ldquo;Ổ g&agrave; t&igrave;nh bạn&rdquo;</span></p><p style=\"box-sizing: border-box; margin: 0px 0px 10px; padding: 0px; font-size: 1em;\">Ở ngoại truyện n&agrave;y, chuyến xe t&igrave;nh bạn sẽ băng qua những &ldquo;ổ g&agrave;, ổ voi&rdquo;, ch&iacute;nh l&agrave; những ưu điểm vốn c&oacute;, nhưng nếu thiếu kiểm so&aacute;t th&igrave; sẽ từ từ chuyển biến th&agrave;nh những t&iacute;nh c&aacute;ch &ldquo;ố dề&rdquo; của 12 cung ho&agrave;ng đạo. H&atilde;y nh&igrave;n kỹ &ldquo;ổ g&agrave;, ổ voi&rdquo; để t&igrave;nh bạn kh&ocirc;ng bị tai nạn nh&eacute;!</p></div></div></div></div><div style=\"box-sizing: border-box; margin: 0px; padding: 0px; color: rgb(51, 51, 51); font-family: nunito-sans, sans-serif, Helvetica, Arial; font-size: 13px; font-style: normal; font-variant-ligatures: normal; font-variant-caps: normal; font-weight: 400; letter-spacing: normal; orphans: 2; text-align: left; text-indent: 0px; text-transform: none; widows: 2; word-spacing: 0px; -webkit-text-stroke-width: 0px; white-space: normal; text-decoration-thickness: initial; text-decoration-style: initial; text-decoration-color: initial; overflow-y: hidden;\"><div style=\"box-sizing: border-box; margin: -600px 0px 0px; padding: 0px; display: block;\"><div style=\"box-sizing: border-box; margin: 20px 0px 0px; padding: 0px; display: block !important; line-height: 25px;\"><div style=\"box-sizing: border-box; margin: 0px; padding: 0px; font-size: 13px;\"><div style=\"box-sizing: border-box; margin: 0px; padding: 0px; font-size: 1em; text-align: justify;\"><br></div></div></div></div></div>', '2024-06-13 22:45:02', '2024-06-13 22:45:02');
INSERT INTO `Books` VALUES (13, 'One Piece - Tập 89 - Bad End Musical (Tái Bản 2022)', 7, 3, 10, 6, 2, 2020, NULL, 120000, 99, 0, 300, 'Bìa mềm', '14.5 x 20.5', '1718334328200-105870230.jpg', '', '2024-06-14 10:05:53', '2024-06-14 10:05:53');

-- ----------------------------
-- Table structure for Follwings
-- ----------------------------
DROP TABLE IF EXISTS `Follwings`;
CREATE TABLE `Follwings`  (
  `id` int NOT NULL AUTO_INCREMENT,
  `email` varchar(255) CHARACTER SET utf8mb4 COLLATE utf8mb4_0900_ai_ci NULL DEFAULT NULL,
  `createdAt` datetime NOT NULL,
  `updatedAt` datetime NOT NULL,
  PRIMARY KEY (`id`) USING BTREE
) ENGINE = InnoDB AUTO_INCREMENT = 6 CHARACTER SET = utf8mb4 COLLATE = utf8mb4_0900_ai_ci ROW_FORMAT = Dynamic;

-- ----------------------------
-- Records of Follwings
-- ----------------------------
INSERT INTO `Follwings` VALUES (1, 'abc@gmail.com', '2024-06-10 12:28:00', '2024-06-10 12:28:03');
INSERT INTO `Follwings` VALUES (2, 'test@gmail.com', '2024-06-10 13:09:22', '2024-06-10 13:09:22');
INSERT INTO `Follwings` VALUES (3, 'test@gmail.com', '2024-06-10 13:09:55', '2024-06-10 13:09:55');
INSERT INTO `Follwings` VALUES (4, 'test@gmail.com', '2024-06-10 13:14:13', '2024-06-10 13:14:13');
INSERT INTO `Follwings` VALUES (5, 'test@gmail.com', '2024-06-10 13:14:17', '2024-06-10 13:14:17');
INSERT INTO `Follwings` VALUES (6, 'test123@gmail.com', '2024-06-10 13:15:17', '2024-06-10 13:15:17');

-- ----------------------------
-- Table structure for Genres
-- ----------------------------
DROP TABLE IF EXISTS `Genres`;
CREATE TABLE `Genres`  (
  `id` int NOT NULL AUTO_INCREMENT,
  `nameGenre` varchar(255) CHARACTER SET utf8mb4 COLLATE utf8mb4_0900_ai_ci NULL DEFAULT NULL,
  `createdAt` datetime NOT NULL,
  `updatedAt` datetime NOT NULL,
  PRIMARY KEY (`id`) USING BTREE
) ENGINE = InnoDB AUTO_INCREMENT = 6 CHARACTER SET = utf8mb4 COLLATE = utf8mb4_0900_ai_ci ROW_FORMAT = Dynamic;

-- ----------------------------
-- Records of Genres
-- ----------------------------
INSERT INTO `Genres` VALUES (1, 'Anime 🐯', '2024-05-27 14:57:34', '2024-05-29 13:58:17');
INSERT INTO `Genres` VALUES (3, 'Kinh điển', '2024-05-29 14:01:26', '2024-05-29 14:01:26');
INSERT INTO `Genres` VALUES (4, 'Thám hiểm', '2024-05-29 14:01:26', '2024-05-29 14:01:26');
INSERT INTO `Genres` VALUES (5, 'Học tiếng anh', '2024-06-13 21:41:44', '2024-06-13 21:43:01');
INSERT INTO `Genres` VALUES (6, 'Cho trẻ', '2024-06-13 21:50:23', '2024-06-13 21:50:34');

-- ----------------------------
-- Table structure for Languages
-- ----------------------------
DROP TABLE IF EXISTS `Languages`;
CREATE TABLE `Languages`  (
  `id` int NOT NULL AUTO_INCREMENT,
  `nameLanguage` varchar(255) CHARACTER SET utf8mb4 COLLATE utf8mb4_0900_ai_ci NULL DEFAULT NULL,
  `createdAt` datetime NOT NULL,
  `updatedAt` datetime NOT NULL,
  PRIMARY KEY (`id`) USING BTREE
) ENGINE = InnoDB AUTO_INCREMENT = 8 CHARACTER SET = utf8mb4 COLLATE = utf8mb4_0900_ai_ci ROW_FORMAT = Dynamic;

-- ----------------------------
-- Records of Languages
-- ----------------------------
INSERT INTO `Languages` VALUES (1, 'Tiếng Anh', '2024-05-27 14:57:54', '2024-05-29 17:07:57');
INSERT INTO `Languages` VALUES (2, 'Tiếng Việt', '2024-05-29 17:08:12', '2024-05-29 17:08:28');
INSERT INTO `Languages` VALUES (6, 'Tiếng Hàn', '2024-05-29 17:19:33', '2024-05-29 17:19:33');
INSERT INTO `Languages` VALUES (7, 'Tiếng Trung', '2024-05-29 17:19:33', '2024-05-29 17:19:33');
INSERT INTO `Languages` VALUES (8, 'Tiếng Nhật 212', '2024-06-13 21:53:27', '2024-06-14 10:07:57');

-- ----------------------------
-- Table structure for OrderDetails
-- ----------------------------
DROP TABLE IF EXISTS `OrderDetails`;
CREATE TABLE `OrderDetails`  (
  `id` int NOT NULL AUTO_INCREMENT,
  `orderID` int NULL DEFAULT NULL,
  `bookID` int NULL DEFAULT NULL,
  `bookName` varchar(255) CHARACTER SET utf8mb4 COLLATE utf8mb4_0900_ai_ci NULL DEFAULT NULL,
  `quantity` int NULL DEFAULT NULL,
  `createdAt` datetime NOT NULL,
  `updatedAt` datetime NOT NULL,
  PRIMARY KEY (`id`) USING BTREE,
  INDEX `orderID`(`orderID` ASC) USING BTREE,
  INDEX `bookID`(`bookID` ASC) USING BTREE,
  CONSTRAINT `OrderDetails_ibfk_1` FOREIGN KEY (`orderID`) REFERENCES `Orders` (`id`) ON DELETE SET NULL ON UPDATE CASCADE,
  CONSTRAINT `OrderDetails_ibfk_2` FOREIGN KEY (`bookID`) REFERENCES `Books` (`id`) ON DELETE SET NULL ON UPDATE CASCADE
) ENGINE = InnoDB AUTO_INCREMENT = 9 CHARACTER SET = utf8mb4 COLLATE = utf8mb4_0900_ai_ci ROW_FORMAT = Dynamic;

-- ----------------------------
-- Records of OrderDetails
-- ----------------------------
INSERT INTO `OrderDetails` VALUES (1, 1, 1, 'Lý Thuyết Trò Chơi', 1, '2024-05-27 15:01:19', '2024-05-27 15:01:19');
INSERT INTO `OrderDetails` VALUES (2, 2, 1, 'Lý Thuyết Trò Chơi', 2, '2024-05-27 15:08:56', '2024-05-27 15:08:56');
INSERT INTO `OrderDetails` VALUES (3, 2, 2, 'Sách - 38 Bức Thư Rockefeller Gửi Cho Con Trai - SBOOKS', 2, '2024-05-27 15:08:56', '2024-05-27 15:08:56');
INSERT INTO `OrderDetails` VALUES (4, 3, 1, 'Lý Thuyết Trò Chơi', 1, '2024-06-09 10:40:06', '2024-06-09 10:40:06');
INSERT INTO `OrderDetails` VALUES (5, 4, 1, 'Lý Thuyết Trò Chơi', 1, '2024-06-09 10:43:25', '2024-06-09 10:43:25');
INSERT INTO `OrderDetails` VALUES (6, 5, 2, 'Sách - 38 Bức Thư Rockefeller Gửi Cho Con Trai - SBOOKS', 1, '2024-06-09 14:43:27', '2024-06-09 14:43:27');
INSERT INTO `OrderDetails` VALUES (7, 6, 1, 'Lý Thuyết Trò Chơi', 11, '2024-06-13 15:48:04', '2024-06-13 15:48:04');
INSERT INTO `OrderDetails` VALUES (8, 7, 2, 'Sách - 38 Bức Thư Rockefeller Gửi Cho Con Trai - SBOOKS', 7, '2024-06-13 16:00:15', '2024-06-13 16:00:15');
INSERT INTO `OrderDetails` VALUES (9, 8, 3, 'Blue Period 5 (English Edition)', 1, '2024-06-14 10:09:01', '2024-06-14 10:09:01');

-- ----------------------------
-- Table structure for Orders
-- ----------------------------
DROP TABLE IF EXISTS `Orders`;
CREATE TABLE `Orders`  (
  `id` int NOT NULL AUTO_INCREMENT,
  `userID` int NULL DEFAULT NULL,
  `totalPrice` int NULL DEFAULT NULL,
  `deliveryAddress` varchar(255) CHARACTER SET utf8mb4 COLLATE utf8mb4_0900_ai_ci NULL DEFAULT NULL,
  `phone` varchar(255) CHARACTER SET utf8mb4 COLLATE utf8mb4_0900_ai_ci NULL DEFAULT NULL,
  `status` int NULL DEFAULT NULL,
  `createdAt` datetime NOT NULL,
  `updatedAt` datetime NOT NULL,
  PRIMARY KEY (`id`) USING BTREE,
  INDEX `userID`(`userID` ASC) USING BTREE,
  CONSTRAINT `Orders_ibfk_1` FOREIGN KEY (`userID`) REFERENCES `Users` (`id`) ON DELETE SET NULL ON UPDATE CASCADE
) ENGINE = InnoDB AUTO_INCREMENT = 8 CHARACTER SET = utf8mb4 COLLATE = utf8mb4_0900_ai_ci ROW_FORMAT = Dynamic;

-- ----------------------------
-- Records of Orders
-- ----------------------------
INSERT INTO `Orders` VALUES (1, 2, 123321, 'KG', '0999999999', 2, '2024-05-27 15:01:19', '2024-06-10 14:24:22');
INSERT INTO `Orders` VALUES (2, 2, 404642, 'RG', '0999999999', 2, '2024-05-27 15:08:56', '2024-06-10 14:24:24');
INSERT INTO `Orders` VALUES (3, 2, 123321, '234 chau thanh, Phường Phúc Lợi, Quận Long Biên, Thành phố Hà Nội', '0999999999', 2, '2024-06-09 10:40:06', '2024-06-10 14:24:32');
INSERT INTO `Orders` VALUES (4, 2, 123321, '456 fgh, Xã Nậm Hàng, Huyện Nậm Nhùn, Tỉnh Lai Châu', '0999999999', 2, '2024-06-09 10:43:25', '2024-06-10 14:24:36');
INSERT INTO `Orders` VALUES (5, 2, 79000, '123 tich hop payment, Thị trấn Vị Xuyên, Huyện Vị Xuyên, Tỉnh Hà Giang', '0999999999', 2, '2024-07-01 14:43:27', '2024-06-10 14:24:38');
INSERT INTO `Orders` VALUES (6, 2, 1356531, 'Kien Giang, Phường Định Công, Quận Hoàng Mai, Thành phố Hà Nội', '0999999999', 2, '2024-07-02 15:48:04', '2024-06-13 16:06:41');
INSERT INTO `Orders` VALUES (7, 2, 553000, 'Kien Giang, Xã Mường Mô, Huyện Nậm Nhùn, Tỉnh Lai Châu', '0999999999', 2, '2024-06-13 16:00:15', '2024-06-13 16:06:43');
INSERT INTO `Orders` VALUES (8, 2, 342000, 'ád, Xã Yên Phong, Huyện Bắc Mê, Tỉnh Hà Giang', '0999999999', 1, '2024-06-14 10:09:01', '2024-06-14 10:09:01');

-- ----------------------------
-- Table structure for Publishers
-- ----------------------------
DROP TABLE IF EXISTS `Publishers`;
CREATE TABLE `Publishers`  (
  `id` int NOT NULL AUTO_INCREMENT,
  `namePublisher` varchar(255) CHARACTER SET utf8mb4 COLLATE utf8mb4_0900_ai_ci NULL DEFAULT NULL,
  `createdAt` datetime NOT NULL,
  `updatedAt` datetime NOT NULL,
  PRIMARY KEY (`id`) USING BTREE
) ENGINE = InnoDB AUTO_INCREMENT = 11 CHARACTER SET = utf8mb4 COLLATE = utf8mb4_0900_ai_ci ROW_FORMAT = Dynamic;

-- ----------------------------
-- Records of Publishers
-- ----------------------------
INSERT INTO `Publishers` VALUES (1, 'Hà Nội', '2024-05-27 14:58:16', '2024-05-29 17:16:28');
INSERT INTO `Publishers` VALUES (5, 'Phụ Nữ Việt Nam', '2024-05-29 17:19:11', '2024-06-10 20:14:54');
INSERT INTO `Publishers` VALUES (6, 'Thanh Niên', '2024-05-29 17:19:11', '2024-05-29 17:19:11');
INSERT INTO `Publishers` VALUES (7, 'Nhà Xuất Bản Kim Đồng', '2024-06-13 21:53:44', '2024-06-13 21:54:01');
INSERT INTO `Publishers` VALUES (8, 'Đinh Tị', '2024-06-13 21:54:09', '2024-06-13 21:54:12');
INSERT INTO `Publishers` VALUES (9, 'Kinokuniya Book Stores', '2024-06-13 21:54:22', '2024-06-13 21:54:25');
INSERT INTO `Publishers` VALUES (10, 'Penguin Books', '2024-06-13 21:54:33', '2024-06-13 21:54:35');
INSERT INTO `Publishers` VALUES (11, 'Penguin Random House USA', '2024-06-13 21:54:42', '2024-06-13 21:54:45');

-- ----------------------------
-- Table structure for SequelizeMeta
-- ----------------------------
DROP TABLE IF EXISTS `SequelizeMeta`;
CREATE TABLE `SequelizeMeta`  (
  `name` varchar(255) CHARACTER SET utf8mb3 COLLATE utf8mb3_unicode_ci NOT NULL,
  PRIMARY KEY (`name`) USING BTREE,
  UNIQUE INDEX `name`(`name` ASC) USING BTREE
) ENGINE = InnoDB CHARACTER SET = utf8mb3 COLLATE = utf8mb3_unicode_ci ROW_FORMAT = Dynamic;

-- ----------------------------
-- Records of SequelizeMeta
-- ----------------------------
INSERT INTO `SequelizeMeta` VALUES ('20240424021932-create-user.js');
INSERT INTO `SequelizeMeta` VALUES ('20240516134535-create-author.js');
INSERT INTO `SequelizeMeta` VALUES ('20240516134907-create-genres.js');
INSERT INTO `SequelizeMeta` VALUES ('20240516213841-create-publisher.js');
INSERT INTO `SequelizeMeta` VALUES ('20240516214116-create-language.js');
INSERT INTO `SequelizeMeta` VALUES ('20240516214259-create-supplier.js');
INSERT INTO `SequelizeMeta` VALUES ('20240517000717-create-book.js');
INSERT INTO `SequelizeMeta` VALUES ('20240519085634-create-slider-book.js');
INSERT INTO `SequelizeMeta` VALUES ('20240526082550-create-order.js');
INSERT INTO `SequelizeMeta` VALUES ('20240526082606-create-order-detail.js');
INSERT INTO `SequelizeMeta` VALUES ('20240609232913-create-slider-banner.js');
INSERT INTO `SequelizeMeta` VALUES ('20240610052543-create-follwing.js');
INSERT INTO `SequelizeMeta` VALUES ('20240612032750-create-visits.js');

-- ----------------------------
-- Table structure for SliderBanners
-- ----------------------------
DROP TABLE IF EXISTS `SliderBanners`;
CREATE TABLE `SliderBanners`  (
  `id` int NOT NULL AUTO_INCREMENT,
  `filename` varchar(255) CHARACTER SET utf8mb4 COLLATE utf8mb4_0900_ai_ci NULL DEFAULT NULL,
  `status` tinyint(1) NULL DEFAULT NULL,
  `position` int NULL DEFAULT NULL,
  `url` varchar(255) CHARACTER SET utf8mb4 COLLATE utf8mb4_0900_ai_ci NULL DEFAULT NULL,
  `createdAt` datetime NOT NULL,
  `updatedAt` datetime NOT NULL,
  PRIMARY KEY (`id`) USING BTREE
) ENGINE = InnoDB AUTO_INCREMENT = 6 CHARACTER SET = utf8mb4 COLLATE = utf8mb4_0900_ai_ci ROW_FORMAT = Dynamic;

-- ----------------------------
-- Records of SliderBanners
-- ----------------------------
INSERT INTO `SliderBanners` VALUES (1, 'Bo0106__840x320_1.jpg', 1, 1, 'http://localhost:5173/book/ly-thuyet-tro-choi?id=1', '2024-06-10 07:06:44', '2024-06-10 07:06:47');
INSERT INTO `SliderBanners` VALUES (2, 'Doitac_0624_Sub_392x15601.jpg', 1, 2, 'http://localhost:5173/book/sach-38-buc-thu-rockefeller-gui-cho-con-trai-sbooks?id=2', '2024-06-10 07:08:00', '2024-06-10 10:26:15');
INSERT INTO `SliderBanners` VALUES (3, '1717985073845-215725071.jpg', 1, 1, 'https://www.fahasa.com/', '2024-06-10 09:17:42', '2024-06-10 09:17:42');
INSERT INTO `SliderBanners` VALUES (5, '1717990787630-828966665.jpg', 1, 3, 'https://www.fahasa.com/mua-hang-khong-can-tien-mat?fhs_campaign=homepage_subbanner_2', '2024-06-10 10:39:50', '2024-06-10 17:02:41');
INSERT INTO `SliderBanners` VALUES (6, '1718294969414-548520651.png', 1, 1, NULL, '2024-06-13 23:09:34', '2024-06-13 23:09:34');

-- ----------------------------
-- Table structure for SliderBooks
-- ----------------------------
DROP TABLE IF EXISTS `SliderBooks`;
CREATE TABLE `SliderBooks`  (
  `id` int NOT NULL AUTO_INCREMENT,
  `filename` varchar(255) CHARACTER SET utf8mb4 COLLATE utf8mb4_0900_ai_ci NOT NULL,
  `bookID` int NOT NULL,
  `createdAt` datetime NOT NULL,
  `updatedAt` datetime NOT NULL,
  PRIMARY KEY (`id`) USING BTREE
) ENGINE = InnoDB AUTO_INCREMENT = 87 CHARACTER SET = utf8mb4 COLLATE = utf8mb4_0900_ai_ci ROW_FORMAT = Dynamic;

-- ----------------------------
-- Records of SliderBooks
-- ----------------------------
INSERT INTO `SliderBooks` VALUES (8, '1716796791708-582569091.jpg', 1, '2024-06-08 21:37:36', '2024-06-08 21:37:36');
INSERT INTO `SliderBooks` VALUES (9, '1716796795049-631136221.jpg', 1, '2024-06-08 21:37:36', '2024-06-08 21:37:36');
INSERT INTO `SliderBooks` VALUES (40, '1716797235446-993541195.jpeg', 2, '2024-06-13 16:05:37', '2024-06-13 16:05:37');
INSERT INTO `SliderBooks` VALUES (41, '1716797235460-921284074.jpeg', 2, '2024-06-13 16:05:37', '2024-06-13 16:05:37');
INSERT INTO `SliderBooks` VALUES (42, '1716797235452-877087092.jpeg', 2, '2024-06-13 16:05:37', '2024-06-13 16:05:37');
INSERT INTO `SliderBooks` VALUES (43, '1716797235463-960464119.jpeg', 2, '2024-06-13 16:05:37', '2024-06-13 16:05:37');
INSERT INTO `SliderBooks` VALUES (44, '1716797235467-759409292.jpeg', 2, '2024-06-13 16:05:37', '2024-06-13 16:05:37');
INSERT INTO `SliderBooks` VALUES (45, '1718290830357-150745244.jpg', 3, '2024-06-13 22:01:10', '2024-06-13 22:01:10');
INSERT INTO `SliderBooks` VALUES (46, '1718290830360-916038598.jpg', 3, '2024-06-13 22:01:10', '2024-06-13 22:01:10');
INSERT INTO `SliderBooks` VALUES (47, '1718290830362-382833443.jpg', 3, '2024-06-13 22:01:10', '2024-06-13 22:01:10');
INSERT INTO `SliderBooks` VALUES (48, '1718290830365-713267355.jpg', 3, '2024-06-13 22:01:10', '2024-06-13 22:01:10');
INSERT INTO `SliderBooks` VALUES (49, '1718290830371-579996854.jpg', 3, '2024-06-13 22:01:10', '2024-06-13 22:01:10');
INSERT INTO `SliderBooks` VALUES (50, '1718291107807-774747487.jpg', 4, '2024-06-13 22:05:14', '2024-06-13 22:05:14');
INSERT INTO `SliderBooks` VALUES (51, '1718291107806-855260210.jpg', 4, '2024-06-13 22:05:14', '2024-06-13 22:05:14');
INSERT INTO `SliderBooks` VALUES (52, '1718291107810-196386001.jpg', 4, '2024-06-13 22:05:14', '2024-06-13 22:05:14');
INSERT INTO `SliderBooks` VALUES (53, '1718291107812-780782843.jpg', 4, '2024-06-13 22:05:14', '2024-06-13 22:05:14');
INSERT INTO `SliderBooks` VALUES (54, '1718291300751-830813531.jpg', 5, '2024-06-13 22:08:47', '2024-06-13 22:08:47');
INSERT INTO `SliderBooks` VALUES (55, '1718291304701-355262948.jpg', 5, '2024-06-13 22:08:47', '2024-06-13 22:08:47');
INSERT INTO `SliderBooks` VALUES (56, '1718291308602-386612764.jpg', 5, '2024-06-13 22:08:47', '2024-06-13 22:08:47');
INSERT INTO `SliderBooks` VALUES (57, '1718291311547-176002393.jpg', 5, '2024-06-13 22:08:47', '2024-06-13 22:08:47');
INSERT INTO `SliderBooks` VALUES (58, '1718291314725-350994836.jpg', 5, '2024-06-13 22:08:47', '2024-06-13 22:08:47');
INSERT INTO `SliderBooks` VALUES (59, '1718291685678-905065538.png', 6, '2024-06-13 22:15:04', '2024-06-13 22:15:04');
INSERT INTO `SliderBooks` VALUES (60, '1718291692666-517907604.png', 6, '2024-06-13 22:15:04', '2024-06-13 22:15:04');
INSERT INTO `SliderBooks` VALUES (61, '1718291692669-306937358.png', 6, '2024-06-13 22:15:04', '2024-06-13 22:15:04');
INSERT INTO `SliderBooks` VALUES (62, '1718291692672-362997645.png', 6, '2024-06-13 22:15:04', '2024-06-13 22:15:04');
INSERT INTO `SliderBooks` VALUES (63, '1718291692671-880741497.png', 6, '2024-06-13 22:15:04', '2024-06-13 22:15:04');
INSERT INTO `SliderBooks` VALUES (64, '1718291692673-471066209.png', 6, '2024-06-13 22:15:04', '2024-06-13 22:15:04');
INSERT INTO `SliderBooks` VALUES (65, '1718291945573-704349038.jpg', 7, '2024-06-13 22:19:19', '2024-06-13 22:19:19');
INSERT INTO `SliderBooks` VALUES (66, '1718291949935-767267855.jpg', 7, '2024-06-13 22:19:19', '2024-06-13 22:19:19');
INSERT INTO `SliderBooks` VALUES (67, '1718291955578-229532426.jpg', 7, '2024-06-13 22:19:19', '2024-06-13 22:19:19');
INSERT INTO `SliderBooks` VALUES (68, '1718291955576-459209564.jpg', 7, '2024-06-13 22:19:19', '2024-06-13 22:19:19');
INSERT INTO `SliderBooks` VALUES (69, '1718291955580-504872061.jpg', 7, '2024-06-13 22:19:19', '2024-06-13 22:19:19');
INSERT INTO `SliderBooks` VALUES (70, '1718292341663-114326073.png', 8, '2024-06-13 22:25:48', '2024-06-13 22:25:48');
INSERT INTO `SliderBooks` VALUES (71, '1718292341665-974750029.png', 8, '2024-06-13 22:25:48', '2024-06-13 22:25:48');
INSERT INTO `SliderBooks` VALUES (72, '1718292341666-806476732.png', 8, '2024-06-13 22:25:48', '2024-06-13 22:25:48');
INSERT INTO `SliderBooks` VALUES (73, '1718292341667-990321850.png', 8, '2024-06-13 22:25:48', '2024-06-13 22:25:48');
INSERT INTO `SliderBooks` VALUES (74, '1718292478403-953533267.jpg', 9, '2024-06-13 22:28:03', '2024-06-13 22:28:03');
INSERT INTO `SliderBooks` VALUES (75, '1718292678973-682268710.png', 10, '2024-06-13 22:31:40', '2024-06-13 22:31:40');
INSERT INTO `SliderBooks` VALUES (76, '1718292684278-491849337.png', 10, '2024-06-13 22:31:40', '2024-06-13 22:31:40');
INSERT INTO `SliderBooks` VALUES (77, '1718292684279-365276165.png', 10, '2024-06-13 22:31:40', '2024-06-13 22:31:40');
INSERT INTO `SliderBooks` VALUES (78, '1718292684280-362028418.png', 10, '2024-06-13 22:31:40', '2024-06-13 22:31:40');
INSERT INTO `SliderBooks` VALUES (79, '1718292684281-118175998.png', 10, '2024-06-13 22:31:40', '2024-06-13 22:31:40');
INSERT INTO `SliderBooks` VALUES (80, '1718293311841-3026818.jpg', 11, '2024-06-13 22:41:55', '2024-06-13 22:41:55');
INSERT INTO `SliderBooks` VALUES (81, '1718293311843-34340603.jpg', 11, '2024-06-13 22:41:55', '2024-06-13 22:41:55');
INSERT INTO `SliderBooks` VALUES (82, '1718293311845-964039206.jpg', 11, '2024-06-13 22:41:55', '2024-06-13 22:41:55');
INSERT INTO `SliderBooks` VALUES (83, '1718293474312-384639359.jpg', 12, '2024-06-13 22:45:02', '2024-06-13 22:45:02');
INSERT INTO `SliderBooks` VALUES (84, '1718334341553-159682428.jpg', 13, '2024-06-14 10:05:53', '2024-06-14 10:05:53');
INSERT INTO `SliderBooks` VALUES (85, '1718334341556-517465452.jpg', 13, '2024-06-14 10:05:53', '2024-06-14 10:05:53');
INSERT INTO `SliderBooks` VALUES (86, '1718334341561-364581459.jpg', 13, '2024-06-14 10:05:53', '2024-06-14 10:05:53');
INSERT INTO `SliderBooks` VALUES (87, '1718334341550-474955566.jpg', 13, '2024-06-14 10:05:53', '2024-06-14 10:05:53');

-- ----------------------------
-- Table structure for Suppliers
-- ----------------------------
DROP TABLE IF EXISTS `Suppliers`;
CREATE TABLE `Suppliers`  (
  `id` int NOT NULL AUTO_INCREMENT,
  `nameSupplier` varchar(255) CHARACTER SET utf8mb4 COLLATE utf8mb4_0900_ai_ci NULL DEFAULT NULL,
  `createdAt` datetime NOT NULL,
  `updatedAt` datetime NOT NULL,
  PRIMARY KEY (`id`) USING BTREE
) ENGINE = InnoDB AUTO_INCREMENT = 10 CHARACTER SET = utf8mb4 COLLATE = utf8mb4_0900_ai_ci ROW_FORMAT = Dynamic;

-- ----------------------------
-- Records of Suppliers
-- ----------------------------
INSERT INTO `Suppliers` VALUES (1, 'Trung Em Store', '2024-05-27 14:58:32', '2024-06-10 20:12:17');
INSERT INTO `Suppliers` VALUES (6, 'Trung Em Shop', '2024-06-10 20:20:43', '2024-06-10 20:21:04');
INSERT INTO `Suppliers` VALUES (7, 'Random House', '2024-06-13 21:55:02', '2024-06-13 21:55:08');
INSERT INTO `Suppliers` VALUES (8, 'Grantham Book Services', '2024-06-13 21:55:46', '2024-06-13 21:55:51');
INSERT INTO `Suppliers` VALUES (9, 'Penguin Books', '2024-06-13 21:56:04', '2024-06-13 21:56:09');
INSERT INTO `Suppliers` VALUES (10, 'Kinokuniya Book Stores', '2024-06-13 21:56:23', '2024-06-13 21:56:28');

-- ----------------------------
-- Table structure for Users
-- ----------------------------
DROP TABLE IF EXISTS `Users`;
CREATE TABLE `Users`  (
  `id` int NOT NULL AUTO_INCREMENT,
  `fullname` varchar(255) CHARACTER SET utf8mb4 COLLATE utf8mb4_0900_ai_ci NOT NULL,
  `email` varchar(255) CHARACTER SET utf8mb4 COLLATE utf8mb4_0900_ai_ci NOT NULL,
  `phone` varchar(255) CHARACTER SET utf8mb4 COLLATE utf8mb4_0900_ai_ci NOT NULL,
  `gender` varchar(255) CHARACTER SET utf8mb4 COLLATE utf8mb4_0900_ai_ci NULL DEFAULT '',
  `address` varchar(255) CHARACTER SET utf8mb4 COLLATE utf8mb4_0900_ai_ci NULL DEFAULT NULL,
  `password` varchar(255) CHARACTER SET utf8mb4 COLLATE utf8mb4_0900_ai_ci NOT NULL,
  `active` tinyint(1) NULL DEFAULT 1,
  `role` varchar(255) CHARACTER SET utf8mb4 COLLATE utf8mb4_0900_ai_ci NULL DEFAULT 'user',
  `avatar` varchar(255) CHARACTER SET utf8mb4 COLLATE utf8mb4_0900_ai_ci NULL DEFAULT NULL,
  `createdAt` datetime NOT NULL,
  `updatedAt` datetime NOT NULL,
  PRIMARY KEY (`id`) USING BTREE
) ENGINE = InnoDB AUTO_INCREMENT = 2 CHARACTER SET = utf8mb4 COLLATE = utf8mb4_0900_ai_ci ROW_FORMAT = Dynamic;

-- ----------------------------
-- Records of Users
-- ----------------------------
INSERT INTO `Users` VALUES (2, 'Trung Em', 'trungem999@gmail.com', '0999999999', 'Nam', 'An Biên', '$2b$10$thDOfxRJ3E9ymE2/dYuxaOVUSunA19m3QX9k2pqr/r7dSMlazuUCS', 1, 'admin', 'default-avatar.png', '2024-05-27 14:27:38', '2024-06-10 20:16:36');

-- ----------------------------
-- Table structure for Visits
-- ----------------------------
DROP TABLE IF EXISTS `Visits`;
CREATE TABLE `Visits`  (
  `id` int NOT NULL AUTO_INCREMENT,
  `ip` varchar(255) CHARACTER SET utf8mb4 COLLATE utf8mb4_0900_ai_ci NULL DEFAULT NULL,
  `userAgent` varchar(255) CHARACTER SET utf8mb4 COLLATE utf8mb4_0900_ai_ci NULL DEFAULT NULL,
  `createdAt` datetime NOT NULL,
  `updatedAt` datetime NOT NULL,
  PRIMARY KEY (`id`) USING BTREE
) ENGINE = InnoDB AUTO_INCREMENT = 83 CHARACTER SET = utf8mb4 COLLATE = utf8mb4_0900_ai_ci ROW_FORMAT = Dynamic;

-- ----------------------------
-- Records of Visits
-- ----------------------------
INSERT INTO `Visits` VALUES (16, '14.164.195.203', 'Mozilla/5.0 (Windows NT 10.0; Win64; x64) AppleWebKit/537.36 (KHTML, like Gecko) Chrome/125.0.0.0 Safari/537.36', '2024-06-12 11:43:57', '2024-06-12 11:43:57');
INSERT INTO `Visits` VALUES (17, '14.164.195.203', 'Mozilla/5.0 (Windows NT 10.0; Win64; x64) AppleWebKit/537.36 (KHTML, like Gecko) Chrome/125.0.0.0 Safari/537.36', '2024-06-12 11:43:57', '2024-06-12 11:43:57');
INSERT INTO `Visits` VALUES (18, '14.164.195.203', 'Mozilla/5.0 (Windows NT 10.0; Win64; x64) AppleWebKit/537.36 (KHTML, like Gecko) Chrome/125.0.0.0 Safari/537.36', '2024-06-12 13:32:26', '2024-06-12 13:32:26');
INSERT INTO `Visits` VALUES (19, '14.164.195.203', 'Mozilla/5.0 (Windows NT 10.0; Win64; x64) AppleWebKit/537.36 (KHTML, like Gecko) Chrome/125.0.0.0 Safari/537.36', '2024-06-12 13:32:26', '2024-06-12 13:32:26');
INSERT INTO `Visits` VALUES (20, '14.191.81.251', 'Mozilla/5.0 (Windows NT 10.0; Win64; x64) AppleWebKit/537.36 (KHTML, like Gecko) Chrome/125.0.0.0 Safari/537.36', '2024-06-13 07:36:57', '2024-06-13 07:36:57');
INSERT INTO `Visits` VALUES (21, '14.191.81.251', 'Mozilla/5.0 (Windows NT 10.0; Win64; x64) AppleWebKit/537.36 (KHTML, like Gecko) Chrome/125.0.0.0 Safari/537.36', '2024-06-13 07:36:58', '2024-06-13 07:36:58');
INSERT INTO `Visits` VALUES (22, '14.191.81.251', 'Mozilla/5.0 (Windows NT 10.0; Win64; x64) AppleWebKit/537.36 (KHTML, like Gecko) Chrome/125.0.0.0 Safari/537.36', '2024-06-13 07:37:32', '2024-06-13 07:37:32');
INSERT INTO `Visits` VALUES (23, '14.191.81.251', 'Mozilla/5.0 (Windows NT 10.0; Win64; x64) AppleWebKit/537.36 (KHTML, like Gecko) Chrome/125.0.0.0 Safari/537.36', '2024-06-13 07:37:32', '2024-06-13 07:37:32');
INSERT INTO `Visits` VALUES (24, '14.191.81.251', 'Mozilla/5.0 (Windows NT 10.0; Win64; x64) AppleWebKit/537.36 (KHTML, like Gecko) Chrome/125.0.0.0 Safari/537.36', '2024-06-13 08:26:46', '2024-06-13 08:26:46');
INSERT INTO `Visits` VALUES (25, '14.191.81.251', 'Mozilla/5.0 (Windows NT 10.0; Win64; x64) AppleWebKit/537.36 (KHTML, like Gecko) Chrome/125.0.0.0 Safari/537.36', '2024-06-13 08:26:46', '2024-06-13 08:26:46');
INSERT INTO `Visits` VALUES (26, '14.191.81.251', 'Mozilla/5.0 (Windows NT 10.0; Win64; x64) AppleWebKit/537.36 (KHTML, like Gecko) Chrome/125.0.0.0 Safari/537.36', '2024-06-13 08:26:47', '2024-06-13 08:26:47');
INSERT INTO `Visits` VALUES (27, '14.191.81.251', 'Mozilla/5.0 (Windows NT 10.0; Win64; x64) AppleWebKit/537.36 (KHTML, like Gecko) Chrome/125.0.0.0 Safari/537.36', '2024-06-13 08:26:47', '2024-06-13 08:26:47');
INSERT INTO `Visits` VALUES (28, '14.191.81.251', 'Mozilla/5.0 (Windows NT 10.0; Win64; x64) AppleWebKit/537.36 (KHTML, like Gecko) Chrome/125.0.0.0 Safari/537.36', '2024-06-13 08:45:55', '2024-06-13 08:45:55');
INSERT INTO `Visits` VALUES (29, '14.191.81.251', 'Mozilla/5.0 (Windows NT 10.0; Win64; x64) AppleWebKit/537.36 (KHTML, like Gecko) Chrome/125.0.0.0 Safari/537.36', '2024-06-13 08:45:55', '2024-06-13 08:45:55');
INSERT INTO `Visits` VALUES (30, '14.191.81.251', 'Mozilla/5.0 (Windows NT 10.0; Win64; x64) AppleWebKit/537.36 (KHTML, like Gecko) Chrome/125.0.0.0 Safari/537.36', '2024-06-13 08:45:55', '2024-06-13 08:45:55');
INSERT INTO `Visits` VALUES (31, '14.191.81.251', 'Mozilla/5.0 (Windows NT 10.0; Win64; x64) AppleWebKit/537.36 (KHTML, like Gecko) Chrome/125.0.0.0 Safari/537.36', '2024-06-13 08:45:55', '2024-06-13 08:45:55');
INSERT INTO `Visits` VALUES (32, '14.191.81.251', 'Mozilla/5.0 (Windows NT 10.0; Win64; x64) AppleWebKit/537.36 (KHTML, like Gecko) Chrome/125.0.0.0 Safari/537.36', '2024-06-13 09:19:56', '2024-06-13 09:19:56');
INSERT INTO `Visits` VALUES (33, '14.191.81.251', 'Mozilla/5.0 (Windows NT 10.0; Win64; x64) AppleWebKit/537.36 (KHTML, like Gecko) Chrome/125.0.0.0 Safari/537.36', '2024-06-13 09:19:57', '2024-06-13 09:19:57');
INSERT INTO `Visits` VALUES (34, '14.191.81.251', 'Mozilla/5.0 (Windows NT 10.0; Win64; x64) AppleWebKit/537.36 (KHTML, like Gecko) Chrome/125.0.0.0 Safari/537.36', '2024-06-13 09:19:57', '2024-06-13 09:19:57');
INSERT INTO `Visits` VALUES (35, '14.164.195.203', 'Mozilla/5.0 (Windows NT 10.0; Win64; x64) AppleWebKit/537.36 (KHTML, like Gecko) Chrome/125.0.0.0 Safari/537.36', '2024-06-13 15:34:03', '2024-06-13 15:34:03');
INSERT INTO `Visits` VALUES (36, '14.164.195.203', 'Mozilla/5.0 (Windows NT 10.0; Win64; x64) AppleWebKit/537.36 (KHTML, like Gecko) Chrome/125.0.0.0 Safari/537.36', '2024-06-13 15:34:03', '2024-06-13 15:34:03');
INSERT INTO `Visits` VALUES (37, '14.164.195.203', 'Mozilla/5.0 (Windows NT 10.0; Win64; x64) AppleWebKit/537.36 (KHTML, like Gecko) Chrome/125.0.0.0 Safari/537.36', '2024-06-13 15:46:12', '2024-06-13 15:46:12');
INSERT INTO `Visits` VALUES (38, '14.164.195.203', 'Mozilla/5.0 (Windows NT 10.0; Win64; x64) AppleWebKit/537.36 (KHTML, like Gecko) Chrome/125.0.0.0 Safari/537.36', '2024-06-13 15:46:12', '2024-06-13 15:46:12');
INSERT INTO `Visits` VALUES (39, '14.164.195.203', 'Mozilla/5.0 (Windows NT 10.0; Win64; x64) AppleWebKit/537.36 (KHTML, like Gecko) Chrome/125.0.0.0 Safari/537.36', '2024-06-13 15:47:16', '2024-06-13 15:47:16');
INSERT INTO `Visits` VALUES (40, '14.164.195.203', 'Mozilla/5.0 (Windows NT 10.0; Win64; x64) AppleWebKit/537.36 (KHTML, like Gecko) Chrome/125.0.0.0 Safari/537.36', '2024-06-13 15:47:17', '2024-06-13 15:47:17');
INSERT INTO `Visits` VALUES (41, '14.164.195.203', 'Mozilla/5.0 (Windows NT 10.0; Win64; x64) AppleWebKit/537.36 (KHTML, like Gecko) Chrome/125.0.0.0 Safari/537.36', '2024-06-13 15:48:21', '2024-06-13 15:48:21');
INSERT INTO `Visits` VALUES (42, '14.164.195.203', 'Mozilla/5.0 (Windows NT 10.0; Win64; x64) AppleWebKit/537.36 (KHTML, like Gecko) Chrome/125.0.0.0 Safari/537.36', '2024-06-13 15:48:21', '2024-06-13 15:48:21');
INSERT INTO `Visits` VALUES (43, '14.164.195.203', 'Mozilla/5.0 (Windows NT 10.0; Win64; x64) AppleWebKit/537.36 (KHTML, like Gecko) Chrome/125.0.0.0 Safari/537.36', '2024-06-13 15:48:34', '2024-06-13 15:48:34');
INSERT INTO `Visits` VALUES (44, '14.164.195.203', 'Mozilla/5.0 (Windows NT 10.0; Win64; x64) AppleWebKit/537.36 (KHTML, like Gecko) Chrome/125.0.0.0 Safari/537.36', '2024-06-13 15:48:34', '2024-06-13 15:48:34');
INSERT INTO `Visits` VALUES (45, '14.164.195.203', 'Mozilla/5.0 (Windows NT 10.0; Win64; x64) AppleWebKit/537.36 (KHTML, like Gecko) Chrome/125.0.0.0 Safari/537.36', '2024-06-13 15:52:31', '2024-06-13 15:52:31');
INSERT INTO `Visits` VALUES (46, '14.164.195.203', 'Mozilla/5.0 (Windows NT 10.0; Win64; x64) AppleWebKit/537.36 (KHTML, like Gecko) Chrome/125.0.0.0 Safari/537.36', '2024-06-13 15:52:31', '2024-06-13 15:52:31');
INSERT INTO `Visits` VALUES (47, '14.164.195.203', 'Mozilla/5.0 (Windows NT 10.0; Win64; x64) AppleWebKit/537.36 (KHTML, like Gecko) Chrome/125.0.0.0 Safari/537.36', '2024-06-13 15:52:54', '2024-06-13 15:52:54');
INSERT INTO `Visits` VALUES (48, '14.164.195.203', 'Mozilla/5.0 (Windows NT 10.0; Win64; x64) AppleWebKit/537.36 (KHTML, like Gecko) Chrome/125.0.0.0 Safari/537.36', '2024-06-13 15:52:54', '2024-06-13 15:52:54');
INSERT INTO `Visits` VALUES (49, '14.164.195.203', 'Mozilla/5.0 (Windows NT 10.0; Win64; x64) AppleWebKit/537.36 (KHTML, like Gecko) Chrome/125.0.0.0 Safari/537.36', '2024-06-13 15:53:03', '2024-06-13 15:53:03');
INSERT INTO `Visits` VALUES (50, '14.164.195.203', 'Mozilla/5.0 (Windows NT 10.0; Win64; x64) AppleWebKit/537.36 (KHTML, like Gecko) Chrome/125.0.0.0 Safari/537.36', '2024-06-13 15:53:03', '2024-06-13 15:53:03');
INSERT INTO `Visits` VALUES (51, '14.164.195.203', 'Mozilla/5.0 (Windows NT 10.0; Win64; x64) AppleWebKit/537.36 (KHTML, like Gecko) Chrome/125.0.0.0 Safari/537.36', '2024-06-13 15:53:16', '2024-06-13 15:53:16');
INSERT INTO `Visits` VALUES (52, '14.164.195.203', 'Mozilla/5.0 (Windows NT 10.0; Win64; x64) AppleWebKit/537.36 (KHTML, like Gecko) Chrome/125.0.0.0 Safari/537.36', '2024-06-13 15:53:17', '2024-06-13 15:53:17');
INSERT INTO `Visits` VALUES (53, '14.164.195.203', 'Mozilla/5.0 (Windows NT 10.0; Win64; x64) AppleWebKit/537.36 (KHTML, like Gecko) Chrome/125.0.0.0 Safari/537.36', '2024-06-13 15:53:23', '2024-06-13 15:53:23');
INSERT INTO `Visits` VALUES (54, '14.164.195.203', 'Mozilla/5.0 (Windows NT 10.0; Win64; x64) AppleWebKit/537.36 (KHTML, like Gecko) Chrome/125.0.0.0 Safari/537.36', '2024-06-13 15:53:23', '2024-06-13 15:53:23');
INSERT INTO `Visits` VALUES (55, '14.164.195.203', 'Mozilla/5.0 (Windows NT 10.0; Win64; x64) AppleWebKit/537.36 (KHTML, like Gecko) Chrome/125.0.0.0 Safari/537.36', '2024-06-13 15:54:06', '2024-06-13 15:54:06');
INSERT INTO `Visits` VALUES (56, '14.164.195.203', 'Mozilla/5.0 (Windows NT 10.0; Win64; x64) AppleWebKit/537.36 (KHTML, like Gecko) Chrome/125.0.0.0 Safari/537.36', '2024-06-13 15:54:06', '2024-06-13 15:54:06');
INSERT INTO `Visits` VALUES (57, '14.164.195.203', 'Mozilla/5.0 (Windows NT 10.0; Win64; x64) AppleWebKit/537.36 (KHTML, like Gecko) Chrome/125.0.0.0 Safari/537.36', '2024-06-13 15:59:11', '2024-06-13 15:59:11');
INSERT INTO `Visits` VALUES (58, '14.164.195.203', 'Mozilla/5.0 (Windows NT 10.0; Win64; x64) AppleWebKit/537.36 (KHTML, like Gecko) Chrome/125.0.0.0 Safari/537.36', '2024-06-13 15:59:11', '2024-06-13 15:59:11');
INSERT INTO `Visits` VALUES (59, '14.164.195.203', 'Mozilla/5.0 (Windows NT 10.0; Win64; x64) AppleWebKit/537.36 (KHTML, like Gecko) Chrome/125.0.0.0 Safari/537.36', '2024-06-13 16:01:10', '2024-06-13 16:01:10');
INSERT INTO `Visits` VALUES (60, '14.164.195.203', 'Mozilla/5.0 (Windows NT 10.0; Win64; x64) AppleWebKit/537.36 (KHTML, like Gecko) Chrome/125.0.0.0 Safari/537.36', '2024-06-13 16:01:33', '2024-06-13 16:01:33');
INSERT INTO `Visits` VALUES (61, '14.164.195.203', 'Mozilla/5.0 (Windows NT 10.0; Win64; x64) AppleWebKit/537.36 (KHTML, like Gecko) Chrome/125.0.0.0 Safari/537.36', '2024-06-13 16:01:34', '2024-06-13 16:01:34');
INSERT INTO `Visits` VALUES (62, '14.191.81.251', 'Mozilla/5.0 (Windows NT 10.0; Win64; x64) AppleWebKit/537.36 (KHTML, like Gecko) Chrome/125.0.0.0 Safari/537.36', '2024-06-13 21:32:49', '2024-06-13 21:32:49');
INSERT INTO `Visits` VALUES (63, '14.191.81.251', 'Mozilla/5.0 (Windows NT 10.0; Win64; x64) AppleWebKit/537.36 (KHTML, like Gecko) Chrome/125.0.0.0 Safari/537.36', '2024-06-13 21:32:50', '2024-06-13 21:32:50');
INSERT INTO `Visits` VALUES (64, '14.191.81.251', 'Mozilla/5.0 (Windows NT 10.0; Win64; x64) AppleWebKit/537.36 (KHTML, like Gecko) Chrome/125.0.0.0 Safari/537.36', '2024-06-13 22:20:30', '2024-06-13 22:20:30');
INSERT INTO `Visits` VALUES (65, '14.191.81.251', 'Mozilla/5.0 (Windows NT 10.0; Win64; x64) AppleWebKit/537.36 (KHTML, like Gecko) Chrome/125.0.0.0 Safari/537.36', '2024-06-13 22:20:31', '2024-06-13 22:20:31');
INSERT INTO `Visits` VALUES (66, '14.191.81.251', 'Mozilla/5.0 (Windows NT 10.0; Win64; x64) AppleWebKit/537.36 (KHTML, like Gecko) Chrome/125.0.0.0 Safari/537.36', '2024-06-13 22:31:52', '2024-06-13 22:31:52');
INSERT INTO `Visits` VALUES (67, '14.191.81.251', 'Mozilla/5.0 (Windows NT 10.0; Win64; x64) AppleWebKit/537.36 (KHTML, like Gecko) Chrome/125.0.0.0 Safari/537.36', '2024-06-13 22:31:54', '2024-06-13 22:31:54');
INSERT INTO `Visits` VALUES (68, '14.191.81.251', 'Mozilla/5.0 (Windows NT 10.0; Win64; x64) AppleWebKit/537.36 (KHTML, like Gecko) Chrome/125.0.0.0 Safari/537.36', '2024-06-13 22:45:13', '2024-06-13 22:45:13');
INSERT INTO `Visits` VALUES (69, '14.191.81.251', 'Mozilla/5.0 (Windows NT 10.0; Win64; x64) AppleWebKit/537.36 (KHTML, like Gecko) Chrome/125.0.0.0 Safari/537.36', '2024-06-13 22:45:13', '2024-06-13 22:45:13');
INSERT INTO `Visits` VALUES (70, '14.191.81.251', 'Mozilla/5.0 (Windows NT 10.0; Win64; x64) AppleWebKit/537.36 (KHTML, like Gecko) Chrome/125.0.0.0 Safari/537.36', '2024-06-13 23:09:44', '2024-06-13 23:09:44');
INSERT INTO `Visits` VALUES (71, '14.191.81.251', 'Mozilla/5.0 (Windows NT 10.0; Win64; x64) AppleWebKit/537.36 (KHTML, like Gecko) Chrome/125.0.0.0 Safari/537.36', '2024-06-13 23:09:44', '2024-06-13 23:09:44');
INSERT INTO `Visits` VALUES (72, '113.169.122.44', 'Mozilla/5.0 (Windows NT 10.0; Win64; x64) AppleWebKit/537.36 (KHTML, like Gecko) Chrome/125.0.0.0 Safari/537.36', '2024-06-14 07:01:38', '2024-06-14 07:01:38');
INSERT INTO `Visits` VALUES (73, '113.169.122.44', 'Mozilla/5.0 (Windows NT 10.0; Win64; x64) AppleWebKit/537.36 (KHTML, like Gecko) Chrome/125.0.0.0 Safari/537.36', '2024-06-14 07:01:39', '2024-06-14 07:01:39');
INSERT INTO `Visits` VALUES (74, '103.199.56.164', 'Mozilla/5.0 (Windows NT 10.0; Win64; x64) AppleWebKit/537.36 (KHTML, like Gecko) Chrome/125.0.0.0 Safari/537.36', '2024-06-14 09:11:36', '2024-06-14 09:11:36');
INSERT INTO `Visits` VALUES (75, '103.199.56.164', 'Mozilla/5.0 (Windows NT 10.0; Win64; x64) AppleWebKit/537.36 (KHTML, like Gecko) Chrome/125.0.0.0 Safari/537.36', '2024-06-14 09:11:36', '2024-06-14 09:11:36');
INSERT INTO `Visits` VALUES (76, '103.199.56.164', 'Mozilla/5.0 (Windows NT 10.0; Win64; x64) AppleWebKit/537.36 (KHTML, like Gecko) Chrome/125.0.0.0 Safari/537.36', '2024-06-14 09:11:37', '2024-06-14 09:11:37');
INSERT INTO `Visits` VALUES (77, '103.199.56.164', 'Mozilla/5.0 (Windows NT 10.0; Win64; x64) AppleWebKit/537.36 (KHTML, like Gecko) Chrome/125.0.0.0 Safari/537.36', '2024-06-14 09:11:37', '2024-06-14 09:11:37');
INSERT INTO `Visits` VALUES (78, '103.199.56.164', 'Mozilla/5.0 (Windows NT 10.0; Win64; x64) AppleWebKit/537.36 (KHTML, like Gecko) Chrome/125.0.0.0 Safari/537.36', '2024-06-14 09:13:45', '2024-06-14 09:13:45');
INSERT INTO `Visits` VALUES (79, '103.199.56.164', 'Mozilla/5.0 (Windows NT 10.0; Win64; x64) AppleWebKit/537.36 (KHTML, like Gecko) Chrome/125.0.0.0 Safari/537.36', '2024-06-14 09:13:46', '2024-06-14 09:13:46');
INSERT INTO `Visits` VALUES (80, '103.199.56.164', 'Mozilla/5.0 (Windows NT 10.0; Win64; x64) AppleWebKit/537.36 (KHTML, like Gecko) Chrome/125.0.0.0 Safari/537.36', '2024-06-14 09:14:00', '2024-06-14 09:14:00');
INSERT INTO `Visits` VALUES (81, '103.199.56.164', 'Mozilla/5.0 (Windows NT 10.0; Win64; x64) AppleWebKit/537.36 (KHTML, like Gecko) Chrome/125.0.0.0 Safari/537.36', '2024-06-14 09:14:01', '2024-06-14 09:14:01');
INSERT INTO `Visits` VALUES (82, '103.199.57.154', 'Mozilla/5.0 (Windows NT 10.0; Win64; x64) AppleWebKit/537.36 (KHTML, like Gecko) Chrome/125.0.0.0 Safari/537.36', '2024-06-14 10:09:08', '2024-06-14 10:09:08');
INSERT INTO `Visits` VALUES (83, '103.199.57.154', 'Mozilla/5.0 (Windows NT 10.0; Win64; x64) AppleWebKit/537.36 (KHTML, like Gecko) Chrome/125.0.0.0 Safari/537.36', '2024-06-14 10:09:08', '2024-06-14 10:09:08');

SET FOREIGN_KEY_CHECKS = 1;
